episode,reward,avg10,buffer,avg_noisy_sigma,sla_violations,cumulative_cost,replica_count,budget_remaining,reward_wait_time,reward_unutilization,reward_queue_penalty,reward_invalid_action,avg_loss,dynamic_tsla,dynamic_min_popularity
0,-6097.864771932105,-6097.864771932105,21000,0.009599558776244521,310,7.6747185830173885,5,52.325281416982584,0.0,-0.05,-1.6228107223131483,0.0,0.8829524391889572,180.0,0.5
1,-3713.8238418109786,-4905.844306871542,22000,0.008921340922825038,200,23.725168901110596,12,36.27483109888945,10.0,-0.12,-0.0,0.0,0.8804783654212952,400.0,0.5
2,3549.35757953284,-2087.4436780700817,23000,0.008303211536258459,60,5.801890665061202,6,54.1981093349388,10.0,-0.06,-0.0,0.0,0.8803333771228791,140.0,0.7000000000000001
3,-1245.5138527433342,-1876.9612217383947,24000,0.007750028627924621,166,17.9287972254488,12,42.07120277455121,10.0,-0.12,-0.0,0.0,0.8592728364467621,280.0,0.2
4,3834.9625060561702,-734.5764761794817,25000,0.007205844623968005,29,5.669260637666056,6,54.33073936233379,10.0,-0.06,-0.0,0.0,0.8492280024290085,160.0,0.8
5,2400.0595804181708,-212.13713341320627,26000,0.006744116428308189,103,18.521001117157244,12,41.478998882842774,10.0,-0.12,-0.0,0.0,0.858237319290638,360.0,0.8
6,-6454.901384656858,-1103.960597876585,27000,0.00634749373421073,175,5.125636282190105,4,54.87436371780983,10.0,-0.04,-0.0,0.0,0.8662080866098404,160.0,0.4
7,2377.3983608069448,-668.7907280411439,28000,0.005934627843089402,79,18.654341708036778,12,41.34565829196311,10.0,-0.12,-0.0,0.0,0.8209183895587921,340.0,0.5
8,3567.8492406392133,-198.0529537433264,29000,0.005550967180170119,29,5.841004255013831,6,54.15899574498595,10.0,-0.06,-0.0,0.0,0.851834568977356,160.0,0.5
9,-215.24502837743924,-199.7721612067377,30000,0.005200066603720188,80,17.08213560019586,12,42.91786439980418,2.9647316594734043,-0.12,-0.0,0.0,0.8456827297806739,240.0,0.5
10,-11656.59153436323,-755.6448374498501,31000,0.004896021448075771,515,6.947068337079098,4,53.05293166292099,0.0,-0.04,-12.99789945495168,0.0,0.8442077028751374,130.0,0.4
11,-1107.3953807883863,-495.0019913475908,32000,0.0046013216488063335,99,17.60961392569276,12,42.39038607430723,6.70184495333147,-0.12,-0.0,0.0,0.824685527086258,260.0,0.0
12,3036.0682345919336,-546.3309258416815,33000,0.0043645642581395805,26,6.091486309692547,6,53.90851369030746,10.0,-0.06,-0.0,0.0,0.8301573652029037,140.0,1.0
13,3332.6042799750458,-88.5191125698434,34000,0.004137130395974964,85,15.061537816671624,12,44.93846218332841,10.0,-0.12,-0.0,0.0,0.8449899828433991,280.0,0.2
14,-11064.492703811422,-1578.4646335566026,35000,0.0038957534707151353,468,7.280188391581854,6,52.71981160841826,0.0,-0.06,-9.23833444807336,0.0,0.8284801149368286,140.0,1.0
15,-8310.566469382622,-2649.5272385366816,36000,0.003665186290163547,186,33.12677614191109,12,26.873223858088984,0.0,-0.12,-0.5079375308357204,0.0,0.8197179368138313,320.0,1.0
16,-10476.055210001297,-3051.642621071126,37000,0.003449108568020165,764,7.841710364259657,6,52.15828963574035,10.0,-0.06,-0.0,0.0,0.8299826571345329,160.0,0.4
17,3212.7993106937383,-2968.102526082446,38000,0.003293736488558352,95,15.390930033211829,12,44.60906996678812,10.0,-0.12,-0.0,0.0,0.8159118992090225,260.0,0.5
18,6987.784797807545,-2626.1089703656135,39000,0.003125209652353078,16,4.461940446324927,6,55.53805955367506,10.0,-0.06,-0.0,0.0,0.8386067873239518,160.0,1.0
19,1193.3569454882818,-2485.248772979042,40000,0.0029728978406637907,60,15.880248359309551,12,44.119751640690374,6.22551449589616,-0.12,-0.0,0.0,0.7911749351024627,240.0,0.4
20,6929.357635089853,-626.6538560337331,41000,0.0028557998593896627,13,4.51877841890404,6,55.481221581095845,10.0,-0.06,-0.0,0.0,0.8171679621934891,170.0,1.0
21,404.20400531000536,-475.4939174238939,42000,0.002729290572460741,121,16.806262250245503,12,43.193737749754476,10.0,-0.12,-0.0,0.0,0.8006559509038925,340.0,0.9
22,-10505.274470612472,-1829.628187944334,43000,0.0026473028119653463,923,8.321572938360317,0,51.67842706163972,0.0,-0.0,-11.582813489130853,0.0,0.7918423289060592,130.0,1.0
23,4090.3484736863606,-1753.853768573203,44000,0.002561444416642189,32,15.887558309286934,12,44.112441690713005,10.0,-0.12,-0.0,0.0,0.7927277138829232,400.0,0.6000000000000001
24,6977.557151802154,50.35121698815465,45000,0.002470225386787206,18,4.426564911111085,4,55.573435088889006,10.0,-0.04,-0.0,0.0,0.7809851133823394,180.0,0.7000000000000001
25,3728.411898682905,1254.2490537947074,46000,0.002396332914941013,64,15.214272201403057,12,44.785727798596916,10.0,-0.12,-0.0,0.0,0.7862904262542725,260.0,0.9
26,-8327.853921293345,1469.069182665503,47000,0.00233645158004947,720,7.471390993150607,4,52.528609006849386,0.0,-0.04,-4.283785274716294,0.0,0.7692725765705108,160.0,0.7000000000000001
27,4177.8515106979285,1565.5744026659215,48000,0.002253400016343221,33,15.722850526234804,12,44.27714947376522,10.0,-0.12,-0.0,0.0,0.759200998544693,280.0,0.0
28,7140.514274029746,1580.8473502881418,49000,0.002184548560762778,18,4.358320965922822,4,55.64167903407719,10.0,-0.04,-0.0,0.0,0.7674719905853271,190.0,0.6000000000000001
29,3745.0987643547214,1836.0215321747855,50000,0.002119781536748633,70,15.16062441805052,12,44.83937558194945,10.0,-0.12,-0.0,0.0,0.750727069079876,260.0,0.6000000000000001
30,7155.184315884476,1858.6042002542479,51000,0.0020348433463368565,17,4.398569047777806,3,55.601430952222216,10.0,-0.03,-0.0,0.0,0.759456932246685,130.0,0.30000000000000004
31,4337.980134444506,2251.9818131676984,52000,0.002021825494011864,33,15.466612743568893,12,44.53338725643101,10.0,-0.12,-0.0,0.0,0.7573992583155632,320.0,0.0
32,-8110.96313137746,2491.4129470912,53000,0.0019446142541710287,433,7.0807070204985285,4,52.91929297950151,0.0,-0.04,-0.856127919765739,0.0,0.714854189157486,200.0,0.8
33,3973.040702361178,2479.6821699586812,54000,0.0018990073294844478,65,15.062696634783837,12,44.937303365216145,10.0,-0.12,-0.0,0.0,0.7397218617796898,380.0,0.1
34,-11704.797768992628,611.4466778792028,55000,0.0019056218152400106,761,8.04341910255522,4,51.95658089744481,0.0,-0.04,-6.047331662800701,0.0,0.7280516532063485,120.0,0.9
35,3756.988028014527,614.3042908123651,56000,0.0018746188725344837,54,15.580274960109099,12,44.41972503989096,10.0,-0.12,-0.0,0.0,0.7299700254201889,380.0,0.6000000000000001
36,-8263.915306121307,620.6981523295686,57000,0.0018265543039888144,632,7.477043075065655,4,52.52295692493432,0.0,-0.04,-3.027540423910189,0.0,0.7365124940872192,170.0,0.4
37,1148.7142775440725,317.7844290141834,58000,0.0017861498927231878,89,16.028208851817524,12,43.97179114818248,10.0,-0.12,-0.0,0.0,0.7265221282839776,320.0,0.8
38,7141.432496571767,317.8762512683853,59000,0.001752296695485711,24,4.317694719696994,4,55.682305280303005,10.0,-0.04,-0.0,0.0,0.7314573884010315,120.0,0.8
39,1328.667667288167,76.23314156172985,60000,0.001715657621389255,91,16.49868944237518,12,43.501310557624734,10.0,-0.12,-0.0,0.0,0.7035680621862411,360.0,0.9
40,-8895.609084871656,-1528.8461985138833,61000,0.0016844001656863838,593,7.606594692379095,6,52.39340530762092,10.0,-0.06,-0.0,0.0,0.7447057399153709,180.0,0.9
41,-748.4388023312735,-2037.4880921914614,62000,0.00164626887999475,117,18.22894333434113,12,41.77105666565885,10.0,-0.12,-0.0,0.0,0.7027610138058662,320.0,0.0
42,7154.283977259301,-510.9633813277852,63000,0.0016307221812894568,16,4.373164774354245,4,55.626835225645856,10.0,-0.04,-0.0,0.0,0.7186550316214562,130.0,0.30000000000000004
43,160.65779587877515,-892.2016719760256,64000,0.0016334629181073979,105,17.322181659430367,12,42.67781834056962,10.0,-0.12,-0.0,0.0,0.7045119258761406,320.0,0.30000000000000004
44,7165.147908822049,994.7928958054423,65000,0.001621522635105066,20,4.25990274704493,3,55.74009725295514,10.0,-0.03,-0.0,0.0,0.7146165826916695,150.0,0.7000000000000001
45,3989.1359719726524,1018.0076902012548,66000,0.0015997100563254207,56,15.689675550688195,12,44.31032444931165,10.0,-0.12,-0.0,0.0,0.686873454451561,400.0,0.9
46,-9474.047980934434,896.9944227199421,67000,0.0015734226908534765,637,7.235410829084442,4,52.764589170915634,8.635488154036668,-0.04,-0.0,0.0,0.6882509648799896,180.0,0.1
47,1077.7669750430891,889.8996924698433,68000,0.0015492669481318444,96,17.115353876056353,12,42.88464612394358,10.0,-0.12,-0.0,0.0,0.6990451470017434,360.0,0.4
48,-8711.025358082306,-695.3460929955636,69000,0.0015133031993173063,573,7.155556801805171,4,52.84444319819487,10.0,-0.04,-0.0,0.0,0.704193432033062,200.0,0.30000000000000004
49,530.9392951535673,-775.1189302090238,70000,0.0015242416266119108,98,17.229207768193984,12,42.770792231805835,1.5868855928044066,-0.12,-0.0,0.0,0.7070933321118354,240.0,0.9
50,-5528.612773964191,-438.4192991182773,71000,0.0015219030028674752,442,7.07210888375028,4,52.92789111624979,10.0,-0.04,-0.0,0.0,0.7153408265113831,130.0,1.0
51,4197.86732218654,56.21131333350413,72000,0.0015055572584969923,36,15.538906092467816,12,44.46109390753228,10.0,-0.12,-0.0,0.0,0.6819479393959046,240.0,0.5
52,-8117.158230516817,-1470.9329074441073,73000,0.001503472391050309,558,7.343794856475289,4,52.65620514352475,0.0,-0.04,-1.580506053550117,0.0,0.6746969652175904,150.0,0.30000000000000004
53,-169.00500460702062,-1503.8991874926874,74000,0.0015132057305891067,91,16.66885998469126,12,43.33114001530871,10.0,-0.12,-0.0,0.0,0.6779567348957062,360.0,0.6000000000000001
54,7159.9902350776665,-1504.4149548671253,75000,0.001492746960138902,16,4.37574537588008,6,55.62425462411985,10.0,-0.06,-0.0,0.0,0.6809157434105874,200.0,0.8
55,4277.6165627205355,-1475.566895792337,76000,0.0014634410908911377,41,15.158316043646792,12,44.84168395635311,10.0,-0.12,-0.0,0.0,0.6747256022691727,240.0,0.9
56,7062.856875169446,178.12358981805102,77000,0.0014341159112518653,22,4.444913348562181,5,55.5550866514378,10.0,-0.05,-0.0,0.0,0.6799821972846984,200.0,0.5
57,1239.4027651729357,194.2871688310357,78000,0.0014194127725204453,81,16.231929935526935,12,43.768070064473044,10.0,-0.12,-0.0,0.0,0.6671140477061271,260.0,0.2
58,-8842.297763757924,181.15992826347374,79000,0.0014074970385991037,624,7.1988774305330265,5,52.80112256946698,0.0,-0.05,-4.444381044497807,0.0,0.6839495453238488,160.0,1.0
59,3899.5709243659517,518.0230911847124,80000,0.0013998703216202557,41,16.25585826091654,12,43.744141739083375,10.0,-0.12,-0.0,0.0,0.6681854328513146,400.0,0.6000000000000001
60,7315.014503294275,1802.3858189105588,81000,0.0014004638069309294,13,4.205381403206557,4,55.794618596793526,10.0,-0.04,-0.0,0.0,0.6486640092730522,140.0,0.6000000000000001
61,4211.684198393905,1803.7675065312953,82000,0.001399484885041602,33,15.755552151530663,12,44.244447848469434,10.0,-0.12,-0.0,0.0,0.663265318274498,260.0,0.9
62,-6535.131052379462,1961.9702243450301,83000,0.0013886945525882766,546,7.148381485319027,4,52.85161851468093,4.204667335064331,-0.04,-0.0,0.0,0.648718205690384,150.0,0.6000000000000001
63,389.7809998016972,2017.8488247859023,84000,0.0013855763681931421,106,17.29022047726361,12,42.70977952273644,10.0,-0.12,-0.0,0.0,0.6587209469079971,320.0,0.2
64,-9038.309460930637,398.0188551850721,85000,0.0013920908968430012,619,6.939701458018286,4,53.060298541981744,0.0,-0.04,-1.5130262606780187,0.0,0.6529637357592583,180.0,0.0
65,690.9266543938651,39.3498643524052,86000,0.0014005218836246058,96,17.103564368628735,12,42.89643563137129,9.737664855153513,-0.12,-0.0,0.0,0.6450970870256424,300.0,0.9
66,-9737.317113888354,-1640.667534553375,87000,0.0013662662240676582,723,8.031383539877568,4,51.968616460122426,0.2095505181461843,-0.04,-0.0,0.0,0.6467182901501656,200.0,0.4
67,4344.631959078742,-1330.1446151627945,88000,0.0013737351691816002,27,15.017622693868141,12,44.982377306131845,10.0,-0.12,-0.0,0.0,0.6580665108561515,280.0,0.1
68,7046.298106286094,258.71497184160745,89000,0.001374182029394433,27,4.36519151261975,6,55.63480848738026,10.0,-0.06,-0.0,0.0,0.6512659776210785,150.0,1.0
69,1058.464542270058,-25.395666367981608,90000,0.001377612046780996,96,16.970986585962855,12,43.02901341403711,10.0,-0.12,-0.0,0.0,0.6549734532833099,300.0,1.0
70,-8485.102583845133,-1605.4073750819227,91000,0.0013382464967435226,666,7.427813157306876,4,52.572186842693206,0.0,-0.04,-1.1216265913823653,0.0,0.6325680497288704,200.0,0.7000000000000001
71,-712.2070306762287,-2097.796497988936,92000,0.001332532789092511,93,15.902287176778028,12,44.097712823222025,10.0,-0.12,-0.0,0.0,0.6322264266014099,400.0,0.4
72,7194.74808511392,-724.8085842395978,93000,0.0013358011783566326,13,4.325777129830196,6,55.67422287016981,10.0,-0.06,-0.0,0.0,0.6510089135169983,200.0,0.30000000000000004
73,4124.010316827228,-351.38565253704473,94000,0.0013269790215417743,38,17.025221068765433,12,42.97477893123451,10.0,-0.12,-0.0,0.0,0.6312717658281326,400.0,0.0
74,-10592.160642340408,-506.77077067802185,95000,0.0013100793003104627,729,7.542431211899747,4,52.45756878810021,0.0,-0.04,-11.95283860023164,0.0,0.6549355420470238,140.0,0.7000000000000001
75,4100.422470421817,-165.82118907522664,96000,0.0013012783165322617,36,15.561539393768793,12,44.43846060623124,10.0,-0.12,-0.0,0.0,0.6296205830574035,400.0,0.1
76,-6501.4976875115535,157.76075356245337,97000,0.0012903045426355675,537,7.830263184526065,4,52.169736815473925,5.008668770307716,-0.04,-0.0,0.0,0.6209169033169747,200.0,0.4
77,957.6717914972961,-180.9352631956912,98000,0.001288103376282379,90,16.955823285133928,12,43.04417671486601,10.0,-0.12,-0.0,0.0,0.6410547730326652,380.0,0.2
78,-7424.523629276021,-1628.0174367519026,99000,0.0012982659682165831,634,7.1494312666085,4,52.85056873339153,0.0,-0.04,-1.419387516424404,0.0,0.6142197296023368,190.0,1.0
79,-203.77229617656138,-1754.2411205965648,100000,0.0012850354105466977,97,16.951311610051476,12,43.04868838994847,5.383587407955322,-0.12,-0.0,0.0,0.6206297188997268,240.0,0.0
80,-7474.748150927105,-1653.2056773047618,100000,0.0012842774158343673,609,7.144745239174737,6,52.85525476082513,10.0,-0.06,-0.0,0.0,0.6410529550909996,160.0,1.0
81,-434.9475356441994,-1625.479727801559,100000,0.0012563281925395131,105,17.262985501888682,12,42.737014498111215,10.0,-0.12,-0.0,0.0,0.6293364343047142,400.0,0.5
82,-7740.815341760641,-3119.0360704890145,100000,0.0012427215988282114,635,7.155221321244291,5,52.84477867875576,3.250251291198196,-0.05,-0.0,0.0,0.6238330547511578,140.0,0.2
83,911.0861225884663,-3440.328489912891,100000,0.0012377172679407522,87,16.695793827128085,12,43.30420617287198,10.0,-0.12,-0.0,0.0,0.608524458706379,360.0,0.5
84,-9510.85181040723,-3332.1976067195733,100000,0.0012232586450409144,696,7.9686532939907675,4,52.03134670600921,10.0,-0.04,-0.0,0.0,0.6191703978180886,170.0,0.5
85,-2138.252707372587,-3956.0651244990136,100000,0.0012237148766871542,199,17.49706771887947,12,42.50293228112065,8.914604096217678,-0.12,-0.0,0.0,0.6011067712306977,280.0,0.0
86,-9049.926406148243,-4210.907996362682,100000,0.0012300094967940822,741,7.831592313670902,3,52.168407686329225,1.3767465126131881,-0.03,-0.0,0.0,0.6053351402282715,190.0,1.0
87,4322.387669543105,-3874.4364085581014,100000,0.0012060208027833141,37,15.43091190490863,12,44.56908809509131,10.0,-0.12,-0.0,0.0,0.5949204441905022,300.0,0.8
88,-6775.819046514927,-3809.565950281992,100000,0.001201937637233641,625,7.32796428629292,4,52.67203571370704,10.0,-0.04,-0.0,0.0,0.5857235825061798,200.0,0.7000000000000001
89,-301.19639201813067,-3819.308359866149,100000,0.001184913380711805,92,16.982515796080634,12,43.01748420391942,10.0,-0.12,-0.0,0.0,0.567842172384262,360.0,0.7000000000000001
90,-9874.356474417413,-4059.26919221518,100000,0.001170617608295288,725,7.442750368276662,4,52.55724963172341,7.057778245789008,-0.04,-0.0,0.0,0.5917196947336197,180.0,0.2
91,1043.980147282984,-3911.376423922461,100000,0.0011674432098516263,93,17.02480412147025,12,42.975195878529696,6.551743593579344,-0.12,-0.0,0.0,0.5942356702685356,280.0,0.9
92,-8938.735543660618,-4031.168444112459,100000,0.0011453228362370282,686,7.4699063410274205,4,52.53009365897263,0.0,-0.04,-1.558639953943608,0.0,0.5895089158415794,140.0,0.7000000000000001
93,4036.4356963319174,-3718.6334867381142,100000,0.001145138798165135,39,15.31579801332891,12,44.684201986671134,10.0,-0.12,-0.0,0.0,0.5694188994169235,320.0,0.30000000000000004
94,7061.641268897609,-2061.38417880763,100000,0.0011447349170339294,15,4.472726422925311,6,55.527273577074865,10.0,-0.06,-0.0,0.0,0.5681232172250748,160.0,0.1
95,-96.13153096883639,-1857.1720611672554,100000,0.0011191693047294393,76,17.028396338074813,12,42.97160366192511,10.0,-0.12,-0.0,0.0,0.5662243896722794,360.0,0.1
96,-11888.48956868894,-2141.028377421325,100000,0.0011026787251466885,751,7.754210395676068,5,52.24578960432392,0.0,-0.05,-6.028076694713391,0.0,0.5827440124750137,120.0,0.5
97,4355.250699081246,-2137.7420744675105,100000,0.001128989206335973,34,15.300670229461412,12,44.69932977053858,10.0,-0.12,-0.0,0.0,0.5639579424262047,380.0,0.1
98,-5942.831769417498,-2054.443346757768,100000,0.0010943914312520064,539,7.903988477659805,4,52.096011522340106,2.2169118413622457,-0.04,-0.0,0.0,0.5610333859920502,200.0,0.5
99,549.6072273009889,-1969.3629848258558,100000,0.001094178471248597,77,16.451218555129955,12,43.5487814448699,10.0,-0.12,-0.0,0.0,0.5630715295672417,300.0,1.0
100,-8562.567121267304,-1838.1840495108452,100000,0.0010932219083770178,714,7.761566450337615,4,52.238433549662304,10.0,-0.04,-0.0,0.0,0.5735254427790641,140.0,1.0
101,748.3690369906985,-1867.7451605400736,100000,0.0010878064422286116,76,17.035682447117374,12,42.964317552882456,5.7662666945432095,-0.12,-0.0,0.0,0.573425370156765,240.0,0.5
102,7140.92510610378,-259.77909556363386,100000,0.0010550137594691478,18,4.42481009486167,4,55.5751899051383,10.0,-0.04,-0.0,0.0,0.532867149412632,120.0,0.8
103,-463.4789146992204,-709.7705566667476,100000,0.0010476064708200283,79,17.20430303782522,12,42.795696962174716,4.022265893303104,-0.12,-0.0,0.0,0.5620737513899803,240.0,0.6000000000000001
104,7116.570862210781,-704.2775973354303,100000,0.0010378315055277199,22,4.3924220675051435,3,55.607577932494955,10.0,-0.03,-0.0,0.0,0.5539411619305611,160.0,0.5
105,380.49073073261,-656.6153711652856,100000,0.0010243929573334754,86,16.759526929812655,12,43.24047307018732,6.3402070517427935,-0.12,-0.0,0.0,0.5247576335072517,260.0,0.7000000000000001
106,-5632.298185094754,-30.996232805867113,100000,0.0010208108069491573,501,6.945704149733481,4,53.054295850266456,0.0,-0.04,-8.363412154266964,0.0,0.5726922826468944,150.0,0.9
107,667.0985130232963,-399.81145141166223,100000,0.0010222389973932877,77,16.962735253764585,12,43.03726474623537,10.0,-0.12,-0.0,0.0,0.5531686556339264,300.0,0.2
108,-7600.727317285798,-565.6010061984922,100000,0.0010150905145565048,574,7.4622801222310615,4,52.53771987776893,10.0,-0.04,-0.0,0.0,0.5339839199185371,190.0,1.0
109,4277.2323655154905,-192.83849237704197,100000,0.0010158511940971948,33,15.577369146052426,12,44.42263085394755,10.0,-0.12,-0.0,0.0,0.5494210328161716,380.0,0.5
110,-9285.278656344106,-265.10964588472217,100000,0.000998763855022844,662,7.416920204412195,5,52.583079795587885,10.0,-0.05,-0.0,0.0,0.5465505248308182,140.0,1.0
111,490.8959297298209,-290.85695661080985,100000,0.000994283276668284,91,17.175397471270404,12,42.824602528729706,7.546798631174494,-0.12,-0.0,0.0,0.5309989354014397,240.0,0.4
112,-6463.2795646082595,-1651.2774236820137,100000,0.0009940837771864608,503,7.008368176922639,4,52.99163182307738,0.0,-0.04,-4.797132144726275,0.0,0.5368135832250118,170.0,1.0
113,719.0948840360827,-1533.0200438084835,100000,0.0009951094616553746,81,16.486991362892976,12,43.51300863710696,10.0,-0.12,-0.0,0.0,0.5451571163535118,360.0,0.5
114,-8166.253552036096,-3061.3024852331714,100000,0.0009685535696917213,565,7.100132259026519,5,52.89986774097341,10.0,-0.05,-0.0,0.0,0.5443730446696281,160.0,0.5
115,269.4969120546679,-3072.4018671009662,100000,0.0009578230019542389,82,16.499939687681813,12,43.500060312318205,8.969361663068325,-0.12,-0.0,0.0,0.5333172237873077,280.0,0.30000000000000004
116,-10471.87050744143,-3556.359099335633,100000,0.000931465023313649,696,7.6409542316356704,5,52.35904576836435,0.0,-0.05,-1.879060513848585,0.0,0.544530873298645,150.0,1.0
117,4124.058216650135,-3210.66312897295,100000,0.0009209394265781157,31,16.612713579604844,12,43.38728642039522,10.0,-0.12,-0.0,0.0,0.5523525135219097,320.0,0.7000000000000001
118,6404.440092992874,-1810.146387945082,100000,0.000923097257327754,19,5.018576751177782,5,54.98142324882216,10.0,-0.05,-0.0,0.0,0.5339378836750984,140.0,0.7000000000000001
119,4367.263963491458,-1801.1432281474852,100000,0.0008974444281193428,43,16.308439639011013,12,43.691560360989044,10.0,-0.12,-0.0,0.0,0.53623095870018,300.0,0.8
120,-3968.5582052736045,-1269.4711830404353,100000,0.0009046451159520075,383,6.445160723804103,6,53.554839276195864,10.0,-0.06,-0.0,0.0,0.5359794580936432,190.0,0.9
121,-0.6266372053276212,-1318.62343973395,100000,0.0008990315836854279,72,16.790393530440518,12,43.20960646955953,10.0,-0.12,-0.0,0.0,0.5530512693524361,320.0,0.5
122,-7345.674587319705,-1406.8629420050947,100000,0.0008986325919977389,478,6.830342805736323,6,53.16965719426372,0.0,-0.06,-4.445940812064797,0.0,0.5165230120718479,170.0,0.7000000000000001
123,-4490.326151363282,-1927.805045545031,100000,0.0008886447467375547,269,22.25194185550826,12,37.748058144491715,0.0,-0.12,-4.756991091352409,0.0,0.5591220769286156,260.0,0.2
124,-9953.132605946796,-2106.4929509361014,100000,0.0008835902481223457,539,6.907376778431302,6,53.09262322156868,10.0,-0.06,-0.0,0.0,0.5319555662572384,190.0,0.4
125,-7137.519790988023,-2847.19462124037,100000,0.0008760314885876141,345,26.090085747023622,12,33.90991425297641,0.0,-0.12,-1.3620195932730228,0.0,0.5495822550356388,260.0,0.2
126,-7147.838000539813,-2514.7913705502083,100000,0.0008583926464780234,468,6.966560860500862,6,53.033439139499166,10.0,-0.06,-0.0,0.0,0.5438097527623177,200.0,1.0
127,4266.267316162727,-2500.5704605989495,100000,0.0008475581053062342,28,15.655294072198675,12,44.344705927801144,10.0,-0.12,-0.0,0.0,0.542869333922863,360.0,0.30000000000000004
128,5866.406409471035,-2554.373828951134,100000,0.0008466344588669017,8,5.176688833114301,5,54.823311166885716,10.0,-0.05,-0.0,0.0,0.5417483949661255,170.0,0.8
129,-1580.6413453165767,-3149.164359831937,100000,0.0008358547929674387,141,19.913647963928543,12,40.086352036071474,10.0,-0.12,-0.0,0.0,0.5356449353694915,400.0,0.6000000000000001
130,5214.552836950472,-2230.8532556095292,100000,0.0008366012407350354,67,5.156636915102323,4,54.84336308489761,10.0,-0.04,-0.0,0.0,0.540107415318489,120.0,0.9
131,66.13043599634969,-2224.1775482893618,100000,0.0008289048273582011,105,17.123906289339644,12,42.876093710660456,5.264213171890242,-0.12,-0.0,0.0,0.5503637737035751,260.0,0.7000000000000001
132,-8949.627293182983,-2384.572818875689,100000,0.0008183851023204625,521,7.396874887788706,6,52.60312511221125,0.0,-0.06,-2.9986070997354997,0.0,0.5169369128346443,150.0,0.30000000000000004
133,4480.566582016637,-1487.4835455376972,100000,0.0008182161836884916,25,15.781920180168338,12,44.21807981983177,10.0,-0.12,-0.0,0.0,0.5311458155512809,380.0,0.8
134,-3652.7218843889864,-857.4424733819162,100000,0.000818760869151447,325,6.0858925323513775,6,53.91410746764865,10.0,-0.06,-0.0,0.0,0.5206933301687241,130.0,0.30000000000000004
135,-52.78297946508813,-148.9687922296227,100000,0.0008102079955278896,91,16.952600771863256,12,43.04739922813669,10.0,-0.12,-0.0,0.0,0.5377501280605793,380.0,0.5
136,-6139.633307273648,-48.148322903006104,100000,0.0008132869115797803,432,6.781136505003447,6,53.21886349499657,10.0,-0.06,-0.0,0.0,0.5309020927548409,130.0,0.30000000000000004
137,1409.16871415256,-333.85818310402294,100000,0.0007985678821569309,77,16.080774663636102,12,43.91922533636381,10.0,-0.12,-0.0,0.0,0.5443940964341164,380.0,0.9
138,5618.255498214769,-358.6732742296493,100000,0.0007999601002666168,18,5.2270165871888725,4,54.77298341281113,10.0,-0.04,-0.0,0.0,0.5352544870972633,130.0,0.1
139,4061.7165754320054,205.5625178452088,100000,0.0007947479462018237,38,15.76009298861802,12,44.239907011382094,10.0,-0.12,-0.0,0.0,0.5448764464259148,240.0,0.6000000000000001
140,-6695.578619133383,-985.4506277631766,100000,0.0007885805316618644,494,7.551062559729359,6,52.448937440270676,0.0,-0.06,-1.6750887555548344,0.0,0.5551302123069763,180.0,0.0
141,-6196.9411946598875,-1611.7577908288004,100000,0.0007826715009287,339,23.843086880905833,12,36.15691311909422,10.0,-0.12,-0.0,0.0,0.5527190019190311,400.0,0.7000000000000001
142,-10228.861671934907,-1739.6812287039927,100000,0.0007855936273699626,556,6.737192641738833,6,53.26280735826133,10.0,-0.06,-0.0,0.0,0.5473577526211738,170.0,0.6000000000000001
143,250.57748757067716,-2162.6801381485884,100000,0.000785924683441408,83,17.19630520517966,12,42.80369479482051,10.0,-0.12,-0.0,0.0,0.5072343118488789,340.0,0.9
144,-6790.619598678821,-2476.4699095775723,100000,0.0007739703942206688,442,6.516056614455279,6,53.48394338554477,10.0,-0.06,-0.0,0.0,0.5286616235971451,120.0,1.0
145,-735.9595776730243,-2544.7875693983656,100000,0.0007636446389369667,79,17.0392590975533,12,42.96074090244666,10.0,-0.12,-0.0,0.0,0.5338376396894455,300.0,0.2
146,-8736.483964805777,-2804.472635151579,100000,0.0007542171442764811,560,7.569308696447593,6,52.4306913035523,0.0,-0.06,-4.078098121112657,0.0,0.5483772927522659,170.0,0.2
147,4313.542126289337,-2514.035293937901,100000,0.000755368106183596,44,15.0563674216769,12,44.94363257832314,10.0,-0.12,-0.0,0.0,0.5276778976619244,340.0,0.0
148,6512.87106828636,-2424.5737369307417,100000,0.0007529171780333854,27,4.7596106690223925,3,55.240389330977585,10.0,-0.03,-0.0,0.0,0.5211298421025277,120.0,0.8
149,3600.652322672307,-2470.6801622067114,100000,0.0007441161433234811,78,15.969331313771612,12,44.03066868622837,10.0,-0.12,-0.0,0.0,0.5020431885123253,320.0,0.7000000000000001
150,6563.042487204272,-1144.8180515729466,100000,0.0007399424721370451,26,4.613997188594549,3,55.38600281140551,10.0,-0.03,-0.0,0.0,0.534152413904667,190.0,0.7000000000000001
151,655.2962459008153,-459.5943075168758,100000,0.0007282964943442494,92,17.201357372319475,12,42.798642627680486,10.0,-0.12,-0.0,0.0,0.509034433811903,380.0,0.4
152,-7899.676248498588,-226.67576517324423,100000,0.000723425233445596,613,7.587897161310979,6,52.41210283868891,10.0,-0.06,-0.0,0.0,0.5109082156419754,150.0,0.4
153,4246.453296162435,172.91181568593166,100000,0.0007289404675248079,31,16.28579126447851,12,43.71420873552133,10.0,-0.12,-0.0,0.0,0.5183067852258683,340.0,0.9
154,6232.666785318589,1475.2404540856726,100000,0.0007183662673924118,29,4.9987412432732565,4,55.001258756726735,10.0,-0.04,-0.0,0.0,0.5071039299666882,170.0,0.9
155,4660.201823068126,2014.856594159788,100000,0.0007002077763900161,29,15.50448959029729,12,44.49551040970271,10.0,-0.12,-0.0,0.0,0.5353723858296872,360.0,0.7000000000000001
156,-8915.328358108161,1996.9721548295493,100000,0.0007065834361128509,610,7.449633215981112,6,52.55036678401896,0.0,-0.06,-1.57425856543151,0.0,0.5358972135186195,190.0,1.0
157,248.82429519507605,1590.500371720123,100000,0.000702723569702357,94,16.776733481748277,12,43.223266518251684,5.451698485363332,-0.12,-0.0,0.0,0.5452479586005211,260.0,0.4
158,-4563.455527060303,482.8677121854569,100000,0.0006965712091187015,423,6.8693852979476535,6,53.13061470205237,0.0,-0.06,-10.599414464280876,0.0,0.5196742127835751,140.0,1.0
159,-260.175498992324,96.78493001899358,100000,0.0006804840013501234,80,17.579881806515587,12,42.4201181934843,10.0,-0.12,-0.0,0.0,0.5346647945046424,380.0,1.0
160,-5925.909871285413,-1152.1103058299748,100000,0.0006836666943854652,376,6.948705270591149,6,53.05129472940877,10.0,-0.06,-0.0,0.0,0.5326825451850891,170.0,0.2
161,737.4593744887574,-1143.8939929711808,100000,0.0006749634121661074,105,16.6892456983743,12,43.31075430162573,10.0,-0.12,-0.0,0.0,0.5352459347248077,340.0,0.7000000000000001
162,6539.070902137348,299.98072209241315,100000,0.0006709335939376615,18,4.841103352639246,4,55.158896647360805,10.0,-0.04,-0.0,0.0,0.5233255550265312,150.0,0.4
163,-255.44506385174424,-150.20911390900505,100000,0.0006652895681327209,105,17.16092402303434,12,42.839075976965574,10.0,-0.12,-0.0,0.0,0.5217318931221961,300.0,0.30000000000000004
164,7274.139666073138,-46.06182583355012,100000,0.0006625286187045276,10,4.338627325329935,2,55.661372674670005,10.0,-0.02,-0.0,0.0,0.5417359547317028,190.0,0.1
165,1078.354555378524,-404.2465526025103,100000,0.0006536381115438417,112,16.253547915000304,12,43.746452084999746,10.0,-0.12,-0.0,0.0,0.5465362471342087,380.0,0.0
166,-5119.939246386831,-24.707641430377315,100000,0.000652540667942958,391,6.9008489698239535,5,53.099151030176095,0.0,-0.05,-11.190925802663543,0.0,0.5386822938919067,140.0,0.9
167,4303.923834537216,380.8023125038367,100000,0.0006423599588742945,29,15.713688506266054,12,44.28631149373392,10.0,-0.12,-0.0,0.0,0.515007019340992,280.0,0.2
168,-6353.510052612134,201.79685994865366,100000,0.0006439818716899026,381,6.142664942514634,6,53.85733505748533,10.0,-0.06,-0.0,0.0,0.5196388828754425,180.0,0.6000000000000001
169,4246.114420496384,652.4258518975244,100000,0.0006399318699550349,30,15.572572397759954,12,44.42742760223993,10.0,-0.12,-0.0,0.0,0.5414226490259171,340.0,0.1
170,6591.890835063888,1904.2059225324545,100000,0.0006271827369346283,14,4.850967024511223,3,55.149032975488616,10.0,-0.03,-0.0,0.0,0.5398679925501346,160.0,1.0
171,484.32432519814625,1878.8924176033936,100000,0.0006208165577845648,76,17.214880722763304,12,42.7851192772367,10.0,-0.12,-0.0,0.0,0.5212805579602718,400.0,0.30000000000000004
172,6721.694509718147,1897.1547783614733,100000,0.0006162525933177676,21,4.488566997304906,3,55.51143300269521,10.0,-0.03,-0.0,0.0,0.5226545622944831,200.0,0.0
173,-740.4667824976852,1848.6526064968791,100000,0.0006123511993791908,75,16.50244461423576,12,43.49755538576422,8.492109415400806,-0.12,-0.0,0.0,0.5173508733510971,260.0,0.30000000000000004
174,-5592.106218138488,562.0280180757165,100000,0.0006080120874685235,364,6.485289079164177,6,53.51471092083588,10.0,-0.06,-0.0,0.0,0.5088488429784774,170.0,0.0
175,88.59795857075713,463.05235839494,100000,0.0005985785792290699,78,16.56057293936787,12,43.43942706063212,8.311592172134885,-0.12,-0.0,0.0,0.5182286170125008,260.0,1.0
176,6613.2590167441485,1636.372184708038,100000,0.0005938350805081427,20,4.660641051944993,3,55.339358948055,10.0,-0.03,-0.0,0.0,0.5073505200445652,190.0,0.6000000000000001
177,-2404.779262542118,965.5018750001047,100000,0.000593179549468914,129,23.12841683124801,12,36.87158316875199,9.088520979099473,-0.12,-0.0,0.0,0.5174944980442524,360.0,0.7000000000000001
178,-10102.137043275034,590.6391759338145,100000,0.0005855741546838544,626,7.9537591338686315,6,52.04624086613144,10.0,-0.06,-0.0,0.0,0.5135773223638535,130.0,0.2
179,4146.746838053154,580.7024176894917,100000,0.0005806228509754874,34,15.528085156187005,12,44.47191484381297,10.0,-0.12,-0.0,0.0,0.5031711520254611,380.0,1.0
180,-5538.447449878455,-632.3314108047425,100000,0.0005786995970993303,303,6.0481831066623215,6,53.95181689333773,10.0,-0.06,-0.0,0.0,0.5230017144978046,190.0,0.7000000000000001
181,4250.105272010342,-255.75331612352312,100000,0.0005733445505029522,49,15.452219048002728,12,44.547780951997346,10.0,-0.12,-0.0,0.0,0.5056621696054936,360.0,0.9
182,6520.598328578204,-275.8629342375174,100000,0.0005610255720966961,12,4.857777626105729,4,55.142222373894406,10.0,-0.04,-0.0,0.0,0.5190542343258858,180.0,0.9
183,576.3001794848134,-144.18623803926766,100000,0.000561529079277534,75,17.683875107129975,12,42.31612489287002,10.0,-0.12,-0.0,0.0,0.5168418376147748,360.0,0.30000000000000004
184,-5935.847371833658,-178.56035340878452,100000,0.0005543598963413388,343,6.1881695987062955,6,53.81183040129369,10.0,-0.06,-0.0,0.0,0.5121725018322468,160.0,0.6000000000000001
185,1109.0920538012817,-76.51094388573217,100000,0.0005484470457304269,65,16.844808999052994,12,43.155191000947,5.22871968413717,-0.12,-0.0,0.0,0.5054608348011971,260.0,1.0
186,7355.585304723483,-2.2783150877985463,100000,0.0005468463859870099,8,4.1835816807801445,2,55.8164183192199,10.0,-0.02,-0.0,0.0,0.5044556879997253,190.0,0.0
187,819.4123412334635,320.1408452897594,100000,0.0005423551374406088,70,16.829137324034924,12,43.17086267596516,10.0,-0.12,-0.0,0.0,0.49623027816414833,380.0,0.8
188,-6144.95602240767,715.8589473764957,100000,0.0005390784026531037,430,6.922815653410749,6,53.077184346589306,10.0,-0.06,-0.0,0.0,0.5164933037757874,160.0,0.2
189,-152.48565252704185,285.9356983184762,100000,0.000532643618498696,68,16.455551215893557,12,43.54444878410638,8.72523693278117,-0.12,-0.0,0.0,0.5020747104287148,240.0,0.2
190,7114.6389298554095,1551.2443362918625,100000,0.0005277385753288399,18,4.4461957354717185,2,55.553804264528274,10.0,-0.02,-0.0,0.0,0.4943721240758896,180.0,0.5
191,413.0933365218369,1167.5431427430121,100000,0.0005181253800401464,59,16.86098954085404,12,43.13901045914596,10.0,-0.12,-0.0,0.0,0.5024929384887219,400.0,0.2
192,-7839.433166985459,-268.4600068133541,100000,0.0005122680049680639,417,7.622541708067993,6,52.37745829193192,0.0,-0.06,-6.324175984686988,0.0,0.5123551870882511,160.0,0.1
193,983.8167457320415,-227.70835018863127,100000,0.000508683362568263,53,16.273383431940218,12,43.72661656805971,10.0,-0.12,-0.0,0.0,0.49483632534742356,340.0,0.2
194,-7856.504916251981,-419.7741046304635,100000,0.0005041802214691415,395,7.222653790094641,6,52.77734620990542,8.675728462839816,-0.06,-0.0,0.0,0.5038212385773658,170.0,0.8
195,1242.0205363129332,-406.4812563792983,100000,0.0004982402133464348,66,16.36949175726545,12,43.630508242734464,10.0,-0.12,-0.0,0.0,0.49492316380143164,360.0,1.0
196,-7273.294605340199,-1869.3692473856668,100000,0.0004983739418094046,378,6.382713762725234,6,53.61728623727475,6.771092541935872,-0.06,-0.0,0.0,0.4978485797345638,200.0,0.6000000000000001
197,4104.408413430082,-1540.8696401660043,100000,0.0004917598926112987,46,16.81409564905975,12,43.18590435094019,10.0,-0.12,-0.0,0.0,0.48828369230031965,340.0,1.0
198,7259.066363272799,-200.46740159795772,100000,0.00048428057561977766,14,4.233453407433819,2,55.76654659256619,10.0,-0.02,-0.0,0.0,0.5123537580668927,200.0,0.9
199,-75.32766205272421,-192.7516025505261,100000,0.00047511752927675843,54,16.410676240175313,12,43.589323759824595,10.0,-0.12,-0.0,0.0,0.5175582277774811,380.0,0.0
200,-6104.505787672549,-1514.666074303322,100000,0.00046825505341985263,346,5.8562013798713,6,54.14379862012873,10.0,-0.06,-0.0,0.0,0.5040101671218872,200.0,0.8
201,1039.8000974623908,-1451.9953982092666,100000,0.00046857419874868356,50,16.233020131862308,12,43.76697986813758,10.0,-0.12,-0.0,0.0,0.5073429135233164,340.0,0.8
202,7058.059997169837,37.75391820626319,100000,0.0004591900469677057,24,4.463937461970909,3,55.53606253802915,10.0,-0.03,-0.0,0.0,0.5207274754345417,200.0,0.6000000000000001
203,545.8102647639681,-6.046729890544327,100000,0.0004573531732603442,48,16.307888457230494,12,43.69211154276947,10.0,-0.12,-0.0,0.0,0.49892603158950805,360.0,0.9
204,-7405.081112055792,39.09565052907474,100000,0.0004542390634014737,486,7.000797434747425,6,52.9992025652527,0.0,-0.06,-5.424090681498042,0.0,0.508448633402586,170.0,0.4
205,3638.354850454232,278.7290819432045,100000,0.00045056864473735914,42,17.534592348295178,12,42.46540765170479,10.0,-0.12,-0.0,0.0,0.49960048526525497,320.0,1.0
206,-5390.1866267121,467.0398798060145,100000,0.0004471434840525035,246,5.543931516589526,5,54.456068483410476,10.0,-0.05,-0.0,0.0,0.5006472890079021,170.0,0.30000000000000004
207,587.283166064109,115.32735506941712,100000,0.0004445123195182532,57,16.00260067372774,12,43.9973993262724,10.0,-0.12,-0.0,0.0,0.4988469913601875,360.0,0.0
208,-8559.51232464778,-1466.530513722641,100000,0.0004391951333673205,446,7.115505489323137,6,52.88449451067687,10.0,-0.06,-0.0,0.0,0.47910570532083513,150.0,0.9
209,2891.6523755403723,-1169.8325099633312,100000,0.0004347601097833831,114,14.928364565758057,12,45.071635434242,10.0,-0.12,-0.0,0.0,0.5024185883998871,340.0,0.7000000000000001
210,7068.160017422216,147.43407054614516,100000,0.00042718953045550734,23,4.397775571311152,3,55.602224428688686,10.0,-0.03,-0.0,0.0,0.4845669062435627,150.0,0.30000000000000004
211,3025.576505702006,346.0117113701066,100000,0.00042275448140571825,121,14.052202890117721,12,45.947797109882316,10.0,-0.12,-0.0,0.0,0.5137872672080994,300.0,0.5
212,-7933.722615643435,-1153.1665499112205,100000,0.0004174522473476827,507,7.0750355439975445,5,52.924964456002456,0.0,-0.05,-6.6729898881859695,0.0,0.5194896413385868,150.0,0.9
213,1009.6371233368887,-1106.7838640539285,100000,0.0004123117760173045,76,16.524416781976356,12,43.47558321802367,10.0,-0.12,-0.0,0.0,0.5261190092563629,340.0,0.1
214,-7367.986457031962,-1103.0743985515455,100000,0.0004078047495568171,481,6.876324563845047,6,53.12367543615495,10.0,-0.06,-0.0,0.0,0.5015731272101402,190.0,0.0
215,3984.252489389081,-1068.4846346580605,100000,0.00040118473407346755,40,15.98754096822012,12,44.01245903177984,10.0,-0.12,-0.0,0.0,0.5024651415646076,280.0,0.4
216,-4791.882514375337,-1008.6542234243843,100000,0.00039815839772927575,348,6.953970536514294,6,53.04602946348572,10.0,-0.06,-0.0,0.0,0.5198736052215099,150.0,1.0
217,-13.906042353584787,-1068.7731442661534,100000,0.00039073625885066576,87,16.825084859692556,12,43.17491514030737,10.0,-0.12,-0.0,0.0,0.5098305174708366,320.0,0.7000000000000001
218,-10497.475944075335,-1262.5695062089094,100000,0.0003850001812679693,594,7.457754618613879,6,52.54224538138616,10.0,-0.06,-0.0,0.0,0.4769099156558514,180.0,0.5
219,-4932.22067450315,-2044.9568112132613,100000,0.00038286282506305724,258,22.10888318514656,12,37.89111681485346,10.0,-0.12,-0.0,0.0,0.4841275827586651,280.0,0.6000000000000001
220,-7141.462881101406,-3465.9191010656236,100000,0.0003786793095059693,487,7.5205865910857,6,52.47941340891434,8.55647124108938,-0.06,-0.0,0.0,0.5239922924339772,150.0,0.0
221,4178.777305072483,-3350.5990211285753,100000,0.0003735147256520577,34,16.202187076490212,12,43.797812923509774,10.0,-0.12,-0.0,0.0,0.5003663055598736,400.0,0.7000000000000001
222,-9046.561191421793,-3461.8828787064112,100000,0.00036832469777436927,525,7.4929386731209275,6,52.50706132687913,0.0,-0.06,-0.8001520567957732,0.0,0.5217929123342038,130.0,0.6000000000000001
223,4315.142033003756,-3131.3323877397247,100000,0.0003633698470366653,37,15.527535401987109,12,44.47246459801282,10.0,-0.12,-0.0,0.0,0.5050851011276245,400.0,0.0
224,7042.969137262731,-1690.2368283102555,100000,0.0003586259590520058,23,4.461516645798736,2,55.538483354201276,10.0,-0.02,-0.0,0.0,0.4987071581184864,120.0,0.5
225,4315.107745629612,-1657.1513026862024,100000,0.0003524820858729072,36,15.165289293202049,12,44.834710706798035,10.0,-0.12,-0.0,0.0,0.47813110023736954,340.0,0.5
226,7410.717961556499,-436.8912550930186,100000,0.0003470133087830618,9,4.1012827278339525,2,55.89871727216604,10.0,-0.02,-0.0,0.0,0.4853527036309242,180.0,0.0
227,-4529.830571353335,-888.4837079929939,100000,0.0003422911795496475,223,23.783587618334145,12,36.2164123816659,9.507682949178372,-0.12,-0.0,0.0,0.47763703286647796,380.0,0.5
228,-3925.014340799931,-231.23754766545284,100000,0.00033894224543473683,367,6.293172700558977,6,53.70682729944106,10.0,-0.06,-0.0,0.0,0.49369037598371507,130.0,0.4
229,264.3508527345119,288.4196050583128,100000,0.0003352567582624033,67,16.368221509634967,12,43.63177849036499,10.0,-0.12,-0.0,0.0,0.4982416193187237,360.0,0.5
230,-5793.452647246292,423.22062844382424,100000,0.00032910411755437963,332,6.637848345027235,6,53.36215165497287,4.53321033694352,-0.06,-0.0,0.0,0.4981679992377758,200.0,0.8
231,4298.715334988583,435.2144314354343,100000,0.00032416388057754375,39,15.543782100922162,12,44.45621789907786,10.0,-0.12,-0.0,0.0,0.49997399404644965,280.0,0.30000000000000004
232,-5948.787917471483,744.9917588304656,100000,0.0003216640106984414,332,6.5545923176878915,6,53.445407682312194,0.0,-0.06,-2.6244713139399645,0.0,0.4960346621274948,190.0,0.2
233,-310.9406451142041,282.38349101866925,100000,0.0003174430785293225,61,16.005935992630626,12,43.99406400736932,8.898585471253725,-0.12,-0.0,0.0,0.4950455264747143,300.0,0.30000000000000004
234,-11339.146435894323,-1555.828066297036,100000,0.0003119364228041377,552,7.243182399705936,6,52.75681760029409,10.0,-0.06,-0.0,0.0,0.48579439014196396,180.0,0.0
235,4078.634742101616,-1579.475366649836,100000,0.00030717040499439463,44,15.915924317762752,12,44.084075682237334,10.0,-0.12,-0.0,0.0,0.4817478108406067,260.0,1.0
236,-6642.137166626075,-2984.7608794680928,100000,0.00030362856705323793,380,6.455010372516795,6,53.544989627483176,10.0,-0.06,-0.0,0.0,0.4745140738785267,190.0,0.2
237,-443.2038251459022,-2576.0982048473497,100000,0.0003007337400049437,72,16.892158209428285,12,43.10784179057166,10.0,-0.12,-0.0,0.0,0.5077000877261162,340.0,0.5
238,-8166.936627111894,-3000.290433478546,100000,0.00029656264450750314,498,7.043772454354607,6,52.956227545645255,0.0,-0.06,-5.478104288804251,0.0,0.4792615634202957,160.0,0.1
239,543.3234158529445,-2972.3931771667026,100000,0.0002916772791650146,54,16.05784653464623,12,43.9421534653538,10.0,-0.12,-0.0,0.0,0.49411811158061025,360.0,0.0
240,7203.0398236552055,-1672.7439300765532,100000,0.00028822066815337166,14,4.3440004271439925,2,55.65599957285612,10.0,-0.02,-0.0,0.0,0.45400232255458833,200.0,0.7000000000000001
241,108.93936608616691,-2091.721526966795,100000,0.00028413793552317657,59,16.67867042654781,12,43.321329573452175,10.0,-0.12,-0.0,0.0,0.4724003173410892,300.0,0.6000000000000001
242,-8881.961059070467,-2385.038841126693,100000,0.00028079173534933943,455,6.886248509054769,6,53.113751490945326,10.0,-0.06,-0.0,0.0,0.4989215475320816,190.0,1.0
243,-4015.6319633124417,-2755.507972946517,100000,0.00027704183230525814,262,23.51892875116497,12,36.481071248835015,10.0,-0.12,-0.0,0.0,0.4892222571372986,400.0,1.0
244,-8061.8574058843315,-2427.7790699455177,100000,0.00027354858502803836,467,7.591464481775499,6,52.4085355182245,10.0,-0.06,-0.0,0.0,0.47013319835066797,120.0,0.7000000000000001
245,-5518.104641232613,-3387.45300827894,100000,0.00027072907869296614,298,23.34352264353862,12,36.65647735646146,10.0,-0.12,-0.0,0.0,0.45882008522748946,380.0,0.8
246,7059.750055159184,-2017.2642861004151,100000,0.00026657493981474545,18,4.38239500124465,2,55.61760499875531,10.0,-0.02,-0.0,0.0,0.47315154910087587,190.0,1.0
247,4092.7687338503056,-1563.667030200794,100000,0.0002634466563904425,40,16.190968702644373,12,43.809031297355595,10.0,-0.12,-0.0,0.0,0.5123577207326889,280.0,0.2
248,-10713.511235514456,-1818.3244910410504,100000,0.00026023909049399663,968,7.894638973806592,1,52.10536102619348,0.0,-0.01,-12.715612700067517,0.0,0.4836130493879318,120.0,1.0
249,3656.830364108297,-1506.9737962155152,100000,0.000258848667726852,34,17.77812259377348,12,42.221877406226554,10.0,-0.12,-0.0,0.0,0.48785118594765664,360.0,0.30000000000000004
250,-8010.8206445236565,-3028.3598430334014,100000,0.0002551627767388709,461,6.865345055889023,6,53.13465494411097,5.497338161822811,-0.06,-0.0,0.0,0.45005449950695037,180.0,0.4
251,-4543.449734231628,-3493.598753065181,100000,0.00025231407380488236,291,21.669800918669548,12,38.33019908133045,0.0,-0.12,-9.647415233714005,0.0,0.46712463557720185,240.0,0.4
252,-8914.806579428372,-3496.8833051009715,100000,0.00024957517234724946,447,6.6018190285024625,6,53.39818097149741,10.0,-0.06,-0.0,0.0,0.4878633324801922,190.0,0.7000000000000001
253,2600.8429827559385,-2835.235810494133,100000,0.00024653123728057835,33,17.199954809948885,12,42.80004519005108,10.0,-0.12,-0.0,0.0,0.4767317745089531,300.0,0.6000000000000001
254,7390.307865605259,-1290.0192833451742,100000,0.00024369522725464776,10,4.154053110572014,2,55.84594688942797,10.0,-0.02,-0.0,0.0,0.48305666372179984,170.0,0.7000000000000001
255,373.68751249246384,-700.8400679726667,100000,0.00024171017139451578,88,17.15944313572474,12,42.84055686427523,9.757021708286999,-0.12,-0.0,0.0,0.4668263046443462,300.0,0.30000000000000004
256,-9879.883003121437,-2394.803373800728,100000,0.00023955983670020942,528,6.717805083314213,6,53.28219491668593,0.0,-0.06,-5.959725383026644,0.0,0.46341135978698733,170.0,0.5
257,720.6705115020832,-2732.013196035551,100000,0.00023680438062001485,88,16.954157027261502,12,43.04584297273832,10.0,-0.12,-0.0,0.0,0.4826818943023682,280.0,0.4
258,7351.31829856159,-925.5302426279461,100000,0.00023435052935383283,11,4.144417165327971,2,55.855582834672084,10.0,-0.02,-0.0,0.0,0.4953758838772774,180.0,0.0
259,-220.3843511960479,-1313.2517141583808,100000,0.00023201094336400274,67,16.5360053526082,12,43.46399464739177,10.0,-0.12,-0.0,0.0,0.47400570020079613,340.0,0.4
260,7095.82920574802,197.41327086878718,100000,0.00022998141866992228,20,4.3897871379113775,2,55.61021286208862,10.0,-0.02,-0.0,0.0,0.4747534462809563,130.0,0.0
261,839.0066916114329,735.6589134530932,100000,0.00022772497686673887,66,16.55796924378024,12,43.44203075621968,10.0,-0.12,-0.0,0.0,0.48350272372365,380.0,0.5
262,-8119.127895096971,815.2267818862333,100000,0.00022518400510307401,414,6.516228782478334,6,53.48377121752171,10.0,-0.06,-0.0,0.0,0.44961594089865686,130.0,0.7000000000000001
263,1077.5859426331617,662.9010778739557,100000,0.00022364053802448325,74,16.330049835217668,12,43.66995016478231,10.0,-0.12,-0.0,0.0,0.46826726287603376,340.0,0.2
264,7177.801152366605,641.6504065500902,100000,0.00022138216081657447,22,4.21607475511752,2,55.78392524488238,10.0,-0.02,-0.0,0.0,0.4589022232592106,170.0,0.30000000000000004
265,293.55086725572306,633.6367420264162,100000,0.0002194133230659645,81,15.888873726775916,12,44.11112627322412,10.0,-0.12,-0.0,0.0,0.4597458730638027,280.0,0.9
266,-7773.320465244529,844.2929958141067,100000,0.00021839991677552462,480,7.312344837221404,6,52.68765516277854,0.0,-0.06,-3.298669393160032,0.0,0.4763753218203783,170.0,0.30000000000000004
267,4034.590339738088,1175.6849786377074,100000,0.00021706149891542736,31,15.419152051650586,12,44.580847948349465,10.0,-0.12,-0.0,0.0,0.4887648253142834,400.0,1.0
268,-6193.3961296637735,-178.78646418482913,100000,0.0002153260757040698,293,6.4607408098649,6,53.539259190135205,10.0,-0.06,-0.0,0.0,0.4676433217525482,190.0,0.30000000000000004
269,877.9928776736211,-68.94874129786216,100000,0.00021370467402448412,87,17.34038594400274,12,42.659614055997224,10.0,-0.12,-0.0,0.0,0.47417618066072464,380.0,0.9
270,-7850.218264396625,-1563.5534883123266,100000,0.00021263891540002078,434,7.079940891835739,6,52.92005910816435,2.7434466587434834,-0.06,-0.0,0.0,0.48410167068243026,200.0,1.0
271,-218.9564308316933,-1669.3498005566394,100000,0.00021151883811398875,62,16.371164268190707,12,43.6288357318092,10.0,-0.12,-0.0,0.0,0.49007154256105423,400.0,0.8
272,7325.876744436231,-124.84933660331899,100000,0.0002103698680002708,4,4.32105686456934,2,55.67894313543069,10.0,-0.02,-0.0,0.0,0.4724000400304794,120.0,0.9
273,4147.9093160553775,182.18300073890268,100000,0.00020951719125150703,27,15.944028160628722,12,44.055971839371246,10.0,-0.12,-0.0,0.0,0.46618381306529044,300.0,0.0
274,-8853.878251575534,-1420.9849396553113,100000,0.0002085506475850707,486,7.182678946668929,6,52.817321053331106,10.0,-0.06,-0.0,0.0,0.4874945716559887,200.0,0.7000000000000001
275,-630.2057881062917,-1513.3606051915126,100000,0.00020765171575476415,63,16.90800648584669,12,43.09199351415329,9.01937021425407,-0.12,-0.0,0.0,0.47562654450535774,300.0,0.9
276,7294.338179145259,-6.594740752533926,100000,0.0002068464509648038,11,4.197444919295257,2,55.802555080704806,10.0,-0.02,-0.0,0.0,0.4629058739542961,200.0,0.2
277,933.3220415723599,-316.72157056910663,100000,0.0002058220507024089,73,16.14382037714744,12,43.85617962285255,10.0,-0.12,-0.0,0.0,0.46755630418658256,360.0,0.9
278,-8879.213858327215,-585.303343435451,100000,0.0002051924111583503,450,7.294477438708615,6,52.70552256129152,10.0,-0.06,-0.0,0.0,0.45675701797008517,140.0,0.2
279,413.3057960254419,-631.7720516002689,100000,0.00020443434186745435,73,16.3108764363176,12,43.689123563682365,5.831531532767469,-0.12,-0.0,0.0,0.47251290798187257,240.0,1.0
280,-4629.557763943055,-309.70600155491195,100000,0.0002037861995631829,347,7.013185411343521,6,52.986814588656486,10.0,-0.06,-0.0,0.0,0.47299513265490534,160.0,0.4
281,583.6324609181153,-229.447112379931,100000,0.00020318453425716143,63,16.023690328176265,12,43.97630967182379,10.0,-0.12,-0.0,0.0,0.4624827761948109,320.0,1.0
282,-6773.50543566776,-1639.3853303903302,100000,0.00020257751384633593,409,6.542179493408794,6,53.457820506591155,10.0,-0.06,-0.0,0.0,0.45760600551962854,140.0,0.0
283,-242.28934222986865,-2078.405196218855,100000,0.0002020271604123991,81,15.673938653265495,12,44.32606134673462,10.0,-0.12,-0.0,0.0,0.44633999273180963,360.0,0.0
284,7107.6635721813145,-482.2510138431702,100000,0.00020130257507844362,20,4.362805466065144,2,55.6371945339348,10.0,-0.02,-0.0,0.0,0.4416076190769672,170.0,0.2
285,4160.456252796841,-3.184809752856745,100000,0.00020078812303836457,41,15.911632545188493,12,44.0883674548114,10.0,-0.12,-0.0,0.0,0.46016170039772986,340.0,0.7000000000000001
286,-6667.212074574574,-1399.3398351248402,100000,0.0001999567848542938,403,6.622885548031698,6,53.37711445196828,10.0,-0.06,-0.0,0.0,0.47701400741934774,130.0,0.7000000000000001
287,1276.362526148718,-1365.0357866672043,100000,0.0001995132479351014,69,16.604260869741307,12,43.395739130258704,7.3377642520242965,-0.12,-0.0,0.0,0.4430993464589119,260.0,0.0
288,7352.463772553086,258.13197642082577,100000,0.00019899310609616805,9,4.1163075207395545,2,55.88369247926038,10.0,-0.02,-0.0,0.0,0.4569328914582729,130.0,0.0
289,1219.3535822641225,338.73675504469384,100000,0.00019838013577100355,56,16.6441347617287,12,43.35586523827131,10.0,-0.12,-0.0,0.0,0.45240229576826096,380.0,0.30000000000000004
290,7179.315383143648,1519.6240697533644,100000,0.00019769012942560948,16,4.353169602710403,2,55.646830397289655,10.0,-0.02,-0.0,0.0,0.45555490225553513,190.0,0.7000000000000001
291,-376.5001900270328,1423.6108046588495,100000,0.00019698530559253413,72,17.41470308630291,12,42.58529691369709,10.0,-0.12,-0.0,0.0,0.4609366443753242,320.0,0.30000000000000004
292,-6117.832836313749,1489.1780645942504,100000,0.0001965622832358349,272,6.077329575358173,6,53.92267042464168,10.0,-0.06,-0.0,0.0,0.46405252918601037,170.0,0.7000000000000001
293,4274.982409786605,1940.905239795898,100000,0.00019574496218410786,35,15.414816978461975,12,44.585183021537986,10.0,-0.12,-0.0,0.0,0.46303426489233973,240.0,1.0
294,-7756.564591887792,454.48242338898734,100000,0.0001952111142600188,391,6.601591219976638,6,53.398408780023445,10.0,-0.06,-0.0,0.0,0.46564000874757766,180.0,0.0
295,4279.9200891501205,466.4288070243153,100000,0.00019474263353913557,33,15.337377569427368,12,44.66262243057265,10.0,-0.12,-0.0,0.0,0.45640357345342636,260.0,0.30000000000000004
296,-6808.966026726398,452.2534118091327,100000,0.0001946201427927008,342,6.372031192624407,6,53.62796880737556,0.0,-0.06,-2.5542082249262155,0.0,0.44040129154920576,160.0,0.1
297,4222.365370313353,746.8536962255965,100000,0.00019411790344747715,31,15.776581460835407,12,44.223418539164534,10.0,-0.12,-0.0,0.0,0.45204626172780993,260.0,0.5
298,-4262.95584431067,-414.6882654607792,100000,0.00019418803276494145,293,6.724129274766921,6,53.27587072523307,10.0,-0.06,-0.0,0.0,0.45860471233725547,160.0,0.9
299,-586.1612536489538,-595.2397490520868,100000,0.00019393076399865095,59,16.54516978633228,12,43.45483021366767,10.0,-0.12,-0.0,0.0,0.45380720496177673,400.0,0.1
