query,response_time_ms,cost_bw,cumulative_cost,replicas,bw_inter_provider_gb,bw_inter_region_gb,cpu_cost,replica_cost,total_cost,sla_violations_cumul,avg_bw_price
0,445.164564,0.0234,0.034881,1,1.8,0.9,0.009157,0,0.032557,1,0.0234
1,465.292717,0.0189,0.06504,1,1.8,0.9,0.008935,0,0.027835,2,0.02115
2,424.550668,0.0252,0.10126,1,1.8,0.9,0.008697,0,0.033897,3,0.0225
3,436.161553,0.0252,0.137596,1,1.8,0.9,0.008811,0,0.034011,4,0.023175
4,410.661242,0.0252,0.173432,1,1.8,0.9,0.008312,0,0.033512,5,0.02358
5,414.527363,0.0189,0.20299,1,1.8,0.9,0.008334,0,0.027234,6,0.0228
6,459.632184,0.0252,0.240166,1,1.8,0.9,0.009652,0,0.034852,7,0.023143
7,455.57616,0.0252,0.277196,1,1.8,0.9,0.009505,0,0.034705,8,0.0234
8,437.6197,0.0252,0.313767,1,1.8,0.9,0.009047,0,0.034247,9,0.0236
9,455.312955,0.0252,0.350144,1,1.8,0.9,0.008854,0,0.034054,10,0.02376
10,395.750637,0.0189,0.379803,1,1.8,0.9,0.008435,0,0.027335,10,0.023318
11,452.381272,0.0252,0.416612,1,1.8,0.9,0.009285,0,0.034485,11,0.023475
12,405.628273,0.0234,0.452974,2,1.8,0.9,0.008638,0,0.032038,12,0.023469
13,439.175,0.0252,0.49113,2,1.8,0.9,0.008632,0,0.033832,13,0.023593
14,445.770986,0.0225,0.529007,3,1.35,1.35,0.009054,0,0.031554,14,0.02352
15,468.925617,0.0243,0.569286,3,1.35,1.35,0.009655,0,0.033955,15,0.023569
16,425.853059,0.018,0.602043,3,1.35,1.35,0.008433,0,0.026433,16,0.023241
17,479.385103,0.0243,0.642124,3,1.35,1.35,0.009457,0,0.033757,17,0.0233
18,391.537064,0.018,0.67514,3,1.35,1.35,0.008692,0,0.026692,17,0.023021
19,454.956844,0.0243,0.7143,3,1.35,1.35,0.008536,0,0.032836,18,0.023085
20,452.08474,0.0243,0.753694,3,1.35,1.35,0.00877,0,0.03307,19,0.023143
21,481.27617,0.0243,0.79374,3,1.35,1.35,0.009421,0,0.033721,20,0.023195
22,465.659122,0.0243,0.833393,3,1.35,1.35,0.00903,0,0.03333,21,0.023243
23,471.432846,0.0243,0.873377,3,1.35,1.35,0.009359,0,0.033659,22,0.023287
24,384.679553,0.018,0.907082,3,1.35,1.35,0.009381,0,0.027381,22,0.023076
25,386.976573,0.018,0.939858,3,1.35,1.35,0.008452,0,0.026452,22,0.022881
26,472.34849,0.0243,0.980055,3,1.35,1.35,0.009573,0,0.033873,23,0.022933
27,399.180981,0.018,1.013138,3,1.35,1.35,0.008759,0,0.026759,23,0.022757
28,443.662942,0.0243,1.052761,3,1.35,1.35,0.008999,0,0.033299,24,0.02281
29,364.051643,0.018,1.085521,3,1.35,1.35,0.008436,0,0.026436,24,0.02265
30,462.307899,0.0243,1.1257,3,1.35,1.35,0.009554,0,0.033854,25,0.022703
31,426.545297,0.018,1.159291,3,1.35,1.35,0.009267,0,0.027267,26,0.022556
32,373.472268,0.018,1.192354,3,1.35,1.35,0.008739,0,0.026739,26,0.022418
33,445.850412,0.018,1.226258,3,1.35,1.35,0.00958,0,0.02758,27,0.022288
34,455.650177,0.0243,1.265789,3,1.35,1.35,0.008907,0,0.033207,28,0.022346
35,409.013816,0.018,1.299053,3,1.35,1.35,0.00894,0,0.02694,29,0.022225
36,373.64849,0.018,1.332225,3,1.35,1.35,0.008849,0,0.026849,29,0.022111
37,465.910924,0.0243,1.372025,3,1.35,1.35,0.009176,0,0.033476,30,0.022168
38,418.368603,0.018,1.405998,3,1.35,1.35,0.009649,0,0.027649,31,0.022062
39,413.462578,0.018,1.439747,3,1.35,1.35,0.009425,0,0.027425,32,0.02196
40,449.533364,0.018,1.473682,3,1.35,1.35,0.009611,0,0.027611,33,0.021863
41,358.990555,0.018,1.506288,3,1.35,1.35,0.008281,0,0.026281,33,0.021771
42,416.686297,0.018,1.539756,3,1.35,1.35,0.009144,0,0.027144,34,0.021684
43,411.447756,0.018,1.573259,3,1.35,1.35,0.00918,0,0.02718,35,0.0216
44,467.735218,0.0243,1.613504,3,1.35,1.35,0.009621,0,0.033921,36,0.02166
45,416.176171,0.018,1.646377,3,1.35,1.35,0.008549,0,0.026549,37,0.02158
46,379.621594,0.018,1.680095,3,1.35,1.35,0.009394,0,0.027394,37,0.021504
47,441.308421,0.0288,1.726111,4,1.35,1.35,0.008891,0,0.037691,38,0.021656
48,412.059417,0.01485,1.758183,4,1.35,1.35,0.008899,0,0.023749,39,0.021517
49,402.867615,0.01485,1.790453,4,1.35,1.35,0.009096,0,0.023946,40,0.021384
50,403.383319,0.018,1.826195,4,1.35,1.35,0.009418,0,0.027418,41,0.021318
51,389.638271,0.018,1.860805,4,1.35,1.35,0.008286,0,0.026286,41,0.021254
52,393.66974,0.01485,1.892427,4,1.35,1.35,0.008448,0,0.023298,41,0.021133
53,439.999761,0.0243,1.933379,4,1.35,1.35,0.008328,0,0.032628,42,0.021192
54,473.337724,0.0243,1.975531,4,1.35,1.35,0.009528,0,0.033828,43,0.021248
55,379.089056,0.01485,2.007592,4,1.35,1.35,0.008887,0,0.023737,43,0.021134
56,414.760191,0.01485,2.040288,4,1.35,1.35,0.009522,0,0.024372,44,0.021024
57,421.480883,0.01485,2.073179,4,1.35,1.35,0.009717,0,0.024567,45,0.020917
58,419.584797,0.01485,2.105881,4,1.35,1.35,0.009528,0,0.024378,46,0.020814
59,411.372839,0.01485,2.138208,4,1.35,1.35,0.009153,0,0.024003,47,0.020715
60,461.367346,0.0243,2.179716,4,1.35,1.35,0.008884,0,0.033184,48,0.020774
61,470.695621,0.0243,2.221592,4,1.35,1.35,0.009251,0,0.033551,49,0.020831
62,458.623937,0.0243,2.263161,4,1.35,1.35,0.008945,0,0.033245,50,0.020886
63,464.706851,0.0243,2.304809,4,1.35,1.35,0.009024,0,0.033324,51,0.020939
64,366.544905,0.0153,2.338809,5,0.9,1.8,0.008376,0,0.023676,51,0.020852
65,476.386,0.0279,2.388386,6,0.9,1.8,0.009353,0,0.037253,52,0.020959
66,367.005669,0.0108,2.419804,6,0.9,1.8,0.008294,0,0.019094,52,0.020807
67,396.993689,0.0108,2.452357,6,0.9,1.8,0.00943,0,0.02023,52,0.02066
68,368.03198,0.01395,2.487272,6,0.9,1.8,0.008641,0,0.022591,52,0.020563
69,366.834201,0.0108,2.519303,6,0.9,1.8,0.008907,0,0.019707,52,0.020424
70,466.895532,0.0234,2.564376,6,0.9,1.8,0.009349,0,0.032749,53,0.020465
71,366.606573,0.01395,2.600189,6,0.9,1.8,0.009539,0,0.023489,53,0.020375
72,439.202433,0.0234,2.645276,6,0.9,1.8,0.009363,0,0.032763,54,0.020416
73,363.251227,0.0108,2.677093,6,0.9,1.8,0.008693,0,0.019493,54,0.020286
74,350.216265,0.01395,2.712739,6,0.9,1.8,0.009373,0,0.023323,54,0.020202
75,359.38687,0.0153,2.750924,7,0.9,1.8,0.00856,0,0.02386,54,0.020138
76,338.971894,0.0153,2.791488,8,0.9,1.8,0.008941,0,0.024241,54,0.020075
77,365.097755,0.0108,2.827638,8,0.9,1.8,0.009025,0,0.019825,54,0.019956
78,451.069864,0.0234,2.876734,8,0.9,1.8,0.009373,0,0.032773,55,0.019999
79,352.105708,0.0108,2.912201,8,0.9,1.8,0.008343,0,0.019143,55,0.019884
80,347.642642,0.0108,2.948278,8,0.9,1.8,0.008953,0,0.019753,55,0.019772
81,346.007397,0.0108,2.984873,8,0.9,1.8,0.009471,0,0.020271,55,0.019663
82,450.371868,0.0234,3.033662,8,0.9,1.8,0.009065,0,0.032465,56,0.019708
83,472.75326,0.0234,3.0828,8,0.9,1.8,0.009414,0,0.032814,57,0.019752
84,337.369814,0.0108,3.119606,8,0.9,1.8,0.009682,0,0.020482,57,0.019646
85,473.144721,0.0234,3.168724,8,0.9,1.8,0.009393,0,0.032793,58,0.01969
86,485.68397,0.0234,3.218131,8,0.9,1.8,0.009683,0,0.033083,59,0.019733
87,334.673531,0.0108,3.254676,8,0.9,1.8,0.009421,0,0.020221,59,0.019631
88,333.389155,0.0108,3.290454,8,0.9,1.8,0.008654,0,0.019454,59,0.019532
89,346.198977,0.0108,3.326582,8,0.9,1.8,0.009004,0,0.019804,59,0.019435
90,316.572739,0.0108,3.362407,8,0.9,1.8,0.008701,0,0.019501,59,0.01934
91,454.704874,0.0234,3.411017,8,0.9,1.8,0.008886,0,0.032286,60,0.019384
92,352.17088,0.0108,3.447837,8,0.9,1.8,0.009697,0,0.020497,60,0.019292
93,319.957067,0.0108,3.484109,8,0.9,1.8,0.009148,0,0.019948,60,0.019202
94,414.827558,0.02385,3.535475,9,0.45,2.25,0.009193,0,0.033043,61,0.019251
95,440.871144,0.01935,3.582227,9,0.45,2.25,0.009078,0,0.028428,62,0.019252
96,421.664604,0.01935,3.628229,9,0.45,2.25,0.008328,0,0.027678,63,0.019253
97,323.377498,0.01125,3.668281,10,0.45,2.25,0.008478,0,0.019728,63,0.019171
98,332.919186,0.00675,3.70496,10,0.45,2.25,0.009605,0,0.016355,63,0.019045
99,367.327246,0.0099,3.744833,10,0.45,2.25,0.009649,0,0.019549,63,0.018954
100,399.642937,0.01935,3.793202,10,0.45,2.25,0.008695,0,0.028045,63,0.018958
101,284.162251,0.00675,3.829486,10,0.45,2.25,0.00921,0,0.01596,63,0.018838
102,427.249828,0.01935,3.878033,10,0.45,2.25,0.008874,0,0.028224,64,0.018843
103,310.828389,0.0099,3.917205,10,0.45,2.25,0.008948,0,0.018848,64,0.018757
104,307.396531,0.00675,3.953803,10,0.45,2.25,0.009524,0,0.016274,64,0.018643
105,328.359263,0.0099,3.993526,10,0.45,2.25,0.009499,0,0.019399,64,0.01856
106,336.857095,0.0099,4.033201,10,0.45,2.25,0.009451,0,0.019351,64,0.018479
107,346.495661,0.0099,4.072739,10,0.45,2.25,0.009314,0,0.019214,64,0.0184
108,348.103289,0.0099,4.112258,10,0.45,2.25,0.009295,0,0.019195,64,0.018322
109,393.338414,0.01935,4.160477,10,0.45,2.25,0.008545,0,0.027895,64,0.018331
110,416.277302,0.01935,4.208486,10,0.45,2.25,0.008335,0,0.027685,65,0.018341
111,264.49443,0.00675,4.24416,10,0.45,2.25,0.0086,0,0.01535,65,0.018237
112,181.905762,0.0072,4.283095,11,0,2.7,0.009411,0,0.016611,65,0.018139
113,162.945435,0.0072,4.322944,12,0,2.7,0.008324,0,0.015524,65,0.018043
114,234.616304,0.00585,4.36224,12,0,2.7,0.009122,0,0.014972,65,0.017937
115,330.423053,0.01845,4.413541,12,0,2.7,0.008527,0,0.026977,65,0.017942
116,229.56291,0.00585,4.452971,12,0,2.7,0.009256,0,0.015106,65,0.017838
117,217.879112,0.00585,4.492028,12,0,2.7,0.008883,0,0.014733,65,0.017737
118,228.600721,0.00585,4.531697,12,0,2.7,0.009495,0,0.015345,65,0.017637
119,304.13865,0.01845,4.583122,12,0,2.7,0.008651,0,0.027101,65,0.017644
120,132.846491,0.0027,4.619599,12,0,2.7,0.009452,0,0.012152,65,0.01752
121,146.436561,0.0027,4.655689,12,0,2.7,0.009067,0,0.011767,65,0.017399
122,322.402759,0.01845,4.707767,12,0,2.7,0.009304,0,0.027754,65,0.017407
123,343.839013,0.01845,4.759908,12,0,2.7,0.009368,0,0.027818,65,0.017416
124,143.745442,0.0027,4.795882,12,0,2.7,0.008949,0,0.011649,65,0.017298
125,136.059122,0.0027,4.831258,12,0,2.7,0.008353,0,0.011053,65,0.017182
126,189.798768,0.00585,4.870339,12,0,2.7,0.008906,0,0.014756,65,0.017093
127,219.322899,0.00585,4.910128,12,0,2.7,0.009616,0,0.015466,65,0.017005
128,317.166673,0.01845,4.961482,12,0,2.7,0.008579,0,0.027029,65,0.017016
129,314.549813,0.01845,5.012686,12,0,2.7,0.008431,0,0.026881,65,0.017027
130,328.172863,0.01845,5.064971,12,0,2.7,0.00951,0,0.02796,65,0.017038
131,189.46443,0.00585,5.104021,12,0,2.7,0.008877,0,0.014727,65,0.016953
132,333.749471,0.01845,5.155855,12,0,2.7,0.009059,0,0.027509,65,0.016965
133,201.061885,0.00585,5.195488,12,0,2.7,0.00946,0,0.01531,65,0.016882
134,333.164472,0.01845,5.247896,12,0,2.7,0.009634,0,0.028084,65,0.016893
135,343.343985,0.01845,5.300003,12,0,2.7,0.009333,0,0.027783,65,0.016905
136,317.358568,0.01845,5.351402,12,0,2.7,0.008626,0,0.027076,65,0.016916
137,182.570563,0.00585,5.390126,12,0,2.7,0.00855,0,0.0144,65,0.016836
138,350.577292,0.01845,5.44256,12,0,2.7,0.00966,0,0.02811,65,0.016847
139,183.37624,0.00585,5.48148,12,0,2.7,0.008746,0,0.014596,65,0.016769
140,117.409939,0.0027,5.516952,12,0,2.7,0.008448,0,0.011148,65,0.016669
141,153.169586,0.0027,5.553594,12,0,2.7,0.009618,0,0.012318,65,0.016571
142,145.243269,0.0027,5.589659,12,0,2.7,0.009042,0,0.011742,65,0.016474
143,343.169722,0.01845,5.641816,12,0,2.7,0.009383,0,0.027833,65,0.016488
144,153.983386,0.0027,5.678542,12,0,2.7,0.009702,0,0.012402,65,0.016392
145,290.140435,0.01845,5.729627,12,0,2.7,0.008311,0,0.026761,65,0.016407
146,123.502548,0.0027,5.76555,12,0,2.7,0.008899,0,0.011599,65,0.016313
147,128.474323,0.0027,5.801855,12,0,2.7,0.009282,0,0.011982,65,0.016221
148,347.56865,0.01845,5.854186,12,0,2.7,0.009557,0,0.028007,65,0.016236
149,145.028856,0.0027,5.890243,12,0,2.7,0.009033,0,0.011733,65,0.016146
150,297.038512,0.01845,5.941519,12,0,2.7,0.008502,0,0.026952,65,0.016161
151,132.69967,0.0027,5.978139,12,0,2.7,0.009596,0,0.012296,65,0.016073
152,350.594714,0.01845,6.030488,12,0,2.7,0.009575,0,0.028025,65,0.016088
153,329.419565,0.01845,6.082127,12,0,2.7,0.008866,0,0.027316,65,0.016104
154,225.173415,0.00585,6.122002,12,0,2.7,0.009701,0,0.015551,65,0.016037
155,215.94877,0.00585,6.161569,12,0,2.7,0.009393,0,0.015243,65,0.015972
156,207.936851,0.00585,6.200627,12,0,2.7,0.008884,0,0.014734,65,0.015908
157,339.391539,0.01845,6.252583,12,0,2.7,0.009182,0,0.027632,65,0.015924
158,196.331861,0.00585,6.292062,12,0,2.7,0.009305,0,0.015155,65,0.01586
159,332.838495,0.01845,6.343808,12,0,2.7,0.008972,0,0.027422,65,0.015877
160,318.911516,0.01845,6.395083,12,0,2.7,0.008501,0,0.026951,65,0.015893
161,188.832138,0.00585,6.434175,12,0,2.7,0.008919,0,0.014769,65,0.015831
162,135.019219,0.0027,6.46948,12,0,2.7,0.00828,0,0.01098,65,0.01575
163,141.9058,0.0027,6.505301,12,0,2.7,0.008798,0,0.011498,65,0.01567
164,150.843034,0.0027,6.541762,12,0,2.7,0.009437,0,0.012137,65,0.015592
165,139.550334,0.0027,6.577394,12,0,2.7,0.008608,0,0.011308,65,0.015514
166,136.752265,0.0027,6.612811,12,0,2.7,0.008393,0,0.011093,65,0.015437
167,321.628768,0.01845,6.664252,12,0,2.7,0.008667,0,0.027117,65,0.015455
168,180.882737,0.00585,6.702812,12,0,2.7,0.008386,0,0.014236,65,0.015399
169,309.983191,0.01845,6.754507,12,0,2.7,0.008921,0,0.027371,65,0.015416
170,206.33085,0.00585,6.793525,12,0,2.7,0.008845,0,0.014695,65,0.015361
171,144.820518,0.0027,6.829548,12,0,2.7,0.008999,0,0.011699,65,0.015287
172,144.063977,0.0027,6.865504,12,0,2.7,0.008932,0,0.011632,65,0.015214
173,143.112855,0.0027,6.9014,12,0,2.7,0.008872,0,0.011572,65,0.015142
174,323.107709,0.01845,6.953476,12,0,2.7,0.009302,0,0.027752,65,0.015161
175,141.386606,0.0027,6.989247,12,0,2.7,0.008747,0,0.011447,65,0.01509
176,137.201725,0.0027,7.024699,12,0,2.7,0.008428,0,0.011128,65,0.01502
177,312.761283,0.01845,7.076595,12,0,2.7,0.009122,0,0.027572,65,0.01504
178,328.843874,0.01845,7.128267,12,0,2.7,0.008898,0,0.027348,65,0.015059
179,203.712164,0.00585,7.166942,12,0,2.7,0.008501,0,0.014351,65,0.015008
180,320.822241,0.01845,7.21828,12,0,2.7,0.008564,0,0.027014,65,0.015027
181,341.641658,0.01845,7.270365,12,0,2.7,0.009311,0,0.027761,65,0.015045
182,343.914361,0.01845,7.322517,12,0,2.7,0.009378,0,0.027828,65,0.015064
183,347.038845,0.01845,7.374757,12,0,2.7,0.009466,0,0.027916,65,0.015082
184,312.590872,0.01845,7.425969,12,0,2.7,0.008438,0,0.026888,65,0.015101
185,179.780011,0.00585,7.46452,12,0,2.7,0.008378,0,0.014228,65,0.015051
186,153.761302,0.0027,7.501225,12,0,2.7,0.00968,0,0.01238,65,0.014985
187,220.390764,0.00585,7.541097,12,0,2.7,0.009698,0,0.015548,65,0.014936
188,116.516605,0.0027,7.576477,12,0,2.7,0.008356,0,0.011056,65,0.014871
189,199.52747,0.00585,7.615122,12,0,2.7,0.008471,0,0.014321,65,0.014824
190,331.923066,0.01845,7.667525,12,0,2.7,0.009629,0,0.028079,65,0.014843
191,151.193986,0.0027,7.704043,12,0,2.7,0.009493,0,0.012193,65,0.01478
192,181.790296,0.00585,7.742537,12,0,2.7,0.00832,0,0.01417,65,0.014733
193,132.053143,0.0027,7.779097,12,0,2.7,0.009536,0,0.012236,65,0.014671
194,135.687755,0.0027,7.814427,12,0,2.7,0.008307,0,0.011007,65,0.01461
195,190.892073,0.00585,7.853752,12,0,2.7,0.009151,0,0.015001,65,0.014565
196,140.91664,0.0027,7.88949,12,0,2.7,0.008713,0,0.011413,65,0.014505
197,326.681501,0.01845,7.941129,12,0,2.7,0.008866,0,0.027316,65,0.014525
198,329.910097,0.01845,7.992875,12,0,2.7,0.008972,0,0.027422,65,0.014545
199,153.772266,0.0027,8.029596,12,0,2.7,0.009696,0,0.012396,65,0.014486
200,137.061906,0.0027,8.065046,12,0,2.7,0.008426,0,0.011126,65,0.014427
201,324.893194,0.01845,8.1166,12,0,2.7,0.00878,0,0.02723,65,0.014447
202,335.73128,0.01845,8.168515,12,0,2.7,0.009141,0,0.027591,65,0.014467
203,347.936247,0.01845,8.220844,12,0,2.7,0.009555,0,0.028005,65,0.014486
204,217.503271,0.00585,8.260405,12,0,2.7,0.009387,0,0.015237,65,0.014444
205,210.072626,0.00585,8.299688,12,0,2.7,0.009109,0,0.014959,65,0.014402
206,116.175318,0.0027,8.335081,12,0,2.7,0.00837,0,0.01107,65,0.014346
207,136.738377,0.0027,8.370512,12,0,2.7,0.008406,0,0.011106,65,0.01429
208,139.477202,0.0027,8.406152,12,0,2.7,0.008617,0,0.011317,65,0.014234
209,139.656624,0.0027,8.441777,12,0,2.7,0.0086,0,0.0113,65,0.014179
210,142.008098,0.0027,8.477599,12,0,2.7,0.008798,0,0.011498,65,0.014125
211,318.712287,0.01845,8.528936,12,0,2.7,0.008563,0,0.027013,65,0.014145
212,329.455517,0.01845,8.580636,12,0,2.7,0.008925,0,0.027375,65,0.014165
213,222.038888,0.00585,8.620373,12,0,2.7,0.009563,0,0.015413,65,0.014127
214,330.747046,0.01845,8.672092,12,0,2.7,0.008946,0,0.027396,65,0.014147
215,145.149719,0.0027,8.708145,12,0,2.7,0.009029,0,0.011729,65,0.014094
216,183.035388,0.00585,8.746915,12,0,2.7,0.008596,0,0.014446,65,0.014056
217,150.553765,0.0027,8.783381,12,0,2.7,0.009442,0,0.012142,65,0.014004
218,330.628444,0.01845,8.835033,12,0,2.7,0.008878,0,0.027328,65,0.014024
219,193.503056,0.00585,8.874452,12,0,2.7,0.009245,0,0.015095,65,0.013987
220,346.364288,0.01845,8.926706,12,0,2.7,0.009479,0,0.027929,65,0.014007
221,187.973046,0.00585,8.965966,12,0,2.7,0.009086,0,0.014936,65,0.01397
222,197.953218,0.00585,9.004816,12,0,2.7,0.008676,0,0.014526,65,0.013934
223,342.652762,0.01845,9.056954,12,0,2.7,0.009364,0,0.027814,65,0.013954
224,196.438464,0.00585,9.096635,12,0,2.7,0.009507,0,0.015357,65,0.013918
225,123.424782,0.0027,9.132561,12,0,2.7,0.008902,0,0.011602,65,0.013868
226,202.441415,0.00585,9.171396,12,0,2.7,0.00866,0,0.01451,65,0.013833
227,217.360214,0.00585,9.21107,12,0,2.7,0.0095,0,0.01535,65,0.013798
228,209.486865,0.00585,9.250418,12,0,2.7,0.009174,0,0.015024,65,0.013763
229,351.670769,0.01845,9.302859,12,0,2.7,0.009666,0,0.028116,65,0.013784
230,177.075184,0.00585,9.341425,12,0,2.7,0.008392,0,0.014242,65,0.013749
231,300.763138,0.01845,9.392809,12,0,2.7,0.00861,0,0.02706,65,0.01377
232,138.748738,0.0027,9.42838,12,0,2.7,0.008547,0,0.011247,65,0.013722
233,143.639691,0.0027,9.464302,12,0,2.7,0.008899,0,0.011599,65,0.013675
234,151.957504,0.0027,9.500872,12,0,2.7,0.009546,0,0.012246,65,0.013628
235,188.659666,0.00585,9.53978,12,0,2.7,0.008734,0,0.014584,65,0.013595
236,216.51666,0.00585,9.579182,12,0,2.7,0.009227,0,0.015077,65,0.013563
237,323.41812,0.01845,9.630626,12,0,2.7,0.008671,0,0.027121,65,0.013583
238,343.980822,0.01845,9.682779,12,0,2.7,0.009379,0,0.027829,65,0.013604
239,129.128975,0.0027,9.719145,12,0,2.7,0.009342,0,0.012042,65,0.013558
240,310.735442,0.01845,9.770845,12,0,2.7,0.008926,0,0.027376,65,0.013578
241,316.695553,0.01845,9.822158,12,0,2.7,0.008539,0,0.026989,65,0.013599
242,200.517441,0.00585,9.861005,12,0,2.7,0.008674,0,0.014524,65,0.013567
243,138.774559,0.0027,9.896581,12,0,2.7,0.008551,0,0.011251,65,0.013522
244,140.530741,0.0027,9.932269,12,0,2.7,0.008664,0,0.011364,65,0.013478
245,147.313877,0.0027,9.968484,12,0,2.7,0.009191,0,0.011891,65,0.013434
246,154.036119,0.0027,10.0052,12,0,2.7,0.009693,0,0.012393,65,0.013391
247,217.219038,0.00585,10.044769,12,0,2.7,0.009395,0,0.015245,65,0.01336
248,122.72058,0.0027,10.08063,12,0,2.7,0.008837,0,0.011537,65,0.013317
249,136.06295,0.0027,10.11598,12,0,2.7,0.008327,0,0.011027,65,0.013275
250,314.803138,0.01845,10.167208,12,0,2.7,0.008453,0,0.026903,65,0.013296
251,214.969349,0.00585,10.206441,12,0,2.7,0.009059,0,0.014909,65,0.013266
252,323.20683,0.01845,10.257996,12,0,2.7,0.008781,0,0.027231,65,0.013287
253,184.839156,0.00585,10.296933,12,0,2.7,0.008763,0,0.014613,65,0.013257
254,222.296096,0.00585,10.336679,12,0,2.7,0.009572,0,0.015422,65,0.013228
255,147.173223,0.0027,10.372895,12,0,2.7,0.009192,0,0.011892,65,0.013187
256,292.562861,0.01845,10.423987,12,0,2.7,0.008318,0,0.026768,65,0.013208
257,203.591755,0.00585,10.462645,12,0,2.7,0.008483,0,0.014333,65,0.013179
258,321.463441,0.01845,10.51407,12,0,2.7,0.008651,0,0.027101,65,0.013199
259,315.984919,0.01845,10.56533,12,0,2.7,0.008486,0,0.026936,65,0.01322
260,132.033484,0.0027,10.601905,12,0,2.7,0.009551,0,0.012251,65,0.013179
261,212.119163,0.00585,10.641269,12,0,2.7,0.009189,0,0.015039,65,0.013151
262,321.041017,0.01845,10.693343,12,0,2.7,0.0093,0,0.02775,65,0.013171
263,180.345536,0.00585,10.732077,12,0,2.7,0.00856,0,0.01441,65,0.013144
264,137.910312,0.0027,10.767587,12,0,2.7,0.008486,0,0.011186,65,0.013104
265,144.793953,0.0027,10.803608,12,0,2.7,0.008998,0,0.011698,65,0.013065
266,203.949293,0.00585,10.842269,12,0,2.7,0.008486,0,0.014336,65,0.013038
267,313.817395,0.01845,10.893478,12,0,2.7,0.008436,0,0.026886,65,0.013058
268,129.072455,0.0027,10.929839,12,0,2.7,0.009336,0,0.012036,65,0.01302
269,199.002682,0.00585,10.968474,12,0,2.7,0.008461,0,0.014311,65,0.012993
270,339.561107,0.01845,11.020422,12,0,2.7,0.009174,0,0.027624,65,0.013013
271,215.99606,0.00585,11.0598,12,0,2.7,0.009205,0,0.015055,65,0.012987
272,219.205246,0.00585,11.099585,12,0,2.7,0.00961,0,0.01546,65,0.012961
273,319.530094,0.01845,11.151677,12,0,2.7,0.009318,0,0.027768,65,0.012981
274,191.878867,0.00585,11.190981,12,0,2.7,0.00913,0,0.01498,65,0.012955
275,201.141476,0.00585,11.229879,12,0,2.7,0.008724,0,0.014574,65,0.012929
276,217.634838,0.00585,11.269588,12,0,2.7,0.009535,0,0.015385,65,0.012904
277,216.263191,0.00585,11.309342,12,0,2.7,0.00958,0,0.01543,65,0.012878
278,301.449722,0.01845,11.360737,12,0,2.7,0.00862,0,0.02707,65,0.012898
279,146.762249,0.0027,11.396906,12,0,2.7,0.009145,0,0.011845,65,0.012862
280,209.852103,0.00585,11.436237,12,0,2.7,0.009157,0,0.015007,65,0.012837
281,122.482168,0.0027,11.472083,12,0,2.7,0.008822,0,0.011522,65,0.012801
282,210.905689,0.00585,11.511051,12,0,2.7,0.008794,0,0.014644,65,0.012777
283,319.874974,0.01845,11.563054,12,0,2.7,0.009229,0,0.027679,65,0.012796
284,123.091221,0.0027,11.598966,12,0,2.7,0.008888,0,0.011588,65,0.012761
285,150.716641,0.0027,11.635443,12,0,2.7,0.009453,0,0.012153,65,0.012726
286,145.439417,0.0027,11.671537,12,0,2.7,0.00907,0,0.01177,65,0.012691
287,143.260217,0.0027,11.707435,12,0,2.7,0.008874,0,0.011574,65,0.012656
288,312.68592,0.01845,11.758637,12,0,2.7,0.008428,0,0.026878,65,0.012676
289,132.353164,0.0027,11.795227,12,0,2.7,0.009565,0,0.012265,65,0.012642
290,143.203465,0.0027,11.831118,12,0,2.7,0.008868,0,0.011568,65,0.012608
291,147.06751,0.0027,11.867336,12,0,2.7,0.009193,0,0.011893,65,0.012574
292,297.015748,0.01845,11.918627,12,0,2.7,0.008518,0,0.026968,65,0.012594
293,192.522063,0.00585,11.957922,12,0,2.7,0.009121,0,0.014971,65,0.012571
294,333.139953,0.01845,12.010409,12,0,2.7,0.009713,0,0.028163,65,0.012591
295,192.066005,0.00585,12.049637,12,0,2.7,0.009053,0,0.014903,65,0.012568
296,215.750201,0.00585,12.089285,12,0,2.7,0.009474,0,0.015324,65,0.012545
297,141.51191,0.0027,12.125084,12,0,2.7,0.008775,0,0.011475,65,0.012512
298,153.17459,0.0027,12.161735,12,0,2.7,0.009628,0,0.012328,65,0.01248
299,210.043625,0.00585,12.20107,12,0,2.7,0.009161,0,0.015011,65,0.012458
300,326.181934,0.01845,12.252659,12,0,2.7,0.008815,0,0.027265,65,0.012477
301,339.53581,0.01845,12.304663,12,0,2.7,0.00923,0,0.02768,65,0.012497
302,120.522724,0.0027,12.340355,12,0,2.7,0.008668,0,0.011368,65,0.012465
303,183.132852,0.00585,12.379252,12,0,2.7,0.008723,0,0.014573,65,0.012443
304,209.518594,0.00585,12.418195,12,0,2.7,0.008768,0,0.014618,65,0.012421
305,148.001756,0.0027,12.454444,12,0,2.7,0.009225,0,0.011925,65,0.01239
306,306.406113,0.01845,12.506145,12,0,2.7,0.008928,0,0.027378,65,0.012409
307,132.859485,0.0027,12.542756,12,0,2.7,0.009586,0,0.012286,65,0.012378
308,137.262424,0.0027,12.578233,12,0,2.7,0.008453,0,0.011153,65,0.012347
309,334.624313,0.01845,12.630688,12,0,2.7,0.009681,0,0.028131,65,0.012366
310,198.822616,0.00585,12.670349,12,0,2.7,0.009487,0,0.015337,65,0.012345
311,333.497691,0.01845,12.722155,12,0,2.7,0.009033,0,0.027483,65,0.012365
312,330.849778,0.01845,12.77383,12,0,2.7,0.008901,0,0.027351,65,0.012384
313,135.710301,0.0027,12.809177,12,0,2.7,0.008322,0,0.011022,65,0.012354
314,145.125713,0.0027,12.845226,12,0,2.7,0.009025,0,0.011725,65,0.012323
315,318.030114,0.01845,12.89715,12,0,2.7,0.00915,0,0.0276,65,0.012342
316,188.593619,0.00585,12.936293,12,0,2.7,0.008969,0,0.014819,65,0.012322
317,135.560844,0.0027,12.971638,12,0,2.7,0.008321,0,0.011021,65,0.012292
318,327.707758,0.01845,13.023212,12,0,2.7,0.008801,0,0.027251,65,0.012311
319,337.881431,0.01845,13.075127,12,0,2.7,0.009141,0,0.027591,65,0.01233
320,130.367369,0.0027,13.111583,12,0,2.7,0.009432,0,0.012132,65,0.0123
321,339.307022,0.01845,13.163512,12,0,2.7,0.009155,0,0.027605,65,0.012319
322,153.93561,0.0027,13.20023,12,0,2.7,0.009695,0,0.012395,65,0.012289
323,144.825302,0.0027,13.236299,12,0,2.7,0.009044,0,0.011744,65,0.01226
324,138.597285,0.0027,13.271862,12,0,2.7,0.008539,0,0.011239,65,0.01223
325,333.895372,0.01845,13.324336,12,0,2.7,0.0097,0,0.02815,65,0.012249
326,333.188344,0.01845,13.376071,12,0,2.7,0.00896,0,0.02741,65,0.012268
327,120.347045,0.0027,13.411764,12,0,2.7,0.008669,0,0.011369,65,0.012239
328,332.357954,0.01845,13.463491,12,0,2.7,0.008953,0,0.027403,65,0.012258
329,148.798832,0.0027,13.49981,12,0,2.7,0.009294,0,0.011994,65,0.012229
330,323.459635,0.01845,13.551908,12,0,2.7,0.009325,0,0.027775,65,0.012248
331,154.157195,0.0027,13.588641,12,0,2.7,0.009708,0,0.012408,65,0.012219
332,148.431297,0.0027,13.624943,12,0,2.7,0.009278,0,0.011978,65,0.012191
333,148.010773,0.0027,13.6612,12,0,2.7,0.009233,0,0.011933,65,0.012162
334,337.340382,0.01845,13.713129,12,0,2.7,0.009155,0,0.027605,65,0.012181
335,136.854794,0.0027,13.74854,12,0,2.7,0.008388,0,0.011088,65,0.012153
336,145.138926,0.0027,13.784594,12,0,2.7,0.009029,0,0.011729,65,0.012125
337,137.604726,0.0027,13.820068,12,0,2.7,0.008451,0,0.011151,65,0.012097
338,141.11277,0.0027,13.855809,12,0,2.7,0.008717,0,0.011417,65,0.012069
339,137.187795,0.0027,13.891274,12,0,2.7,0.00844,0,0.01114,65,0.012041
340,345.866179,0.01845,13.943494,12,0,2.7,0.009446,0,0.027896,65,0.01206
341,146.83192,0.0027,13.979668,12,0,2.7,0.009151,0,0.011851,65,0.012033
342,328.457003,0.01845,14.031933,12,0,2.7,0.009491,0,0.027941,65,0.012052
343,183.064184,0.00585,14.070499,12,0,2.7,0.008392,0,0.014242,65,0.012034
344,220.385865,0.00585,14.11025,12,0,2.7,0.009576,0,0.015426,65,0.012016
345,324.502862,0.01845,14.161782,12,0,2.7,0.008758,0,0.027208,65,0.012034
346,178.959109,0.00585,14.200279,12,0,2.7,0.008323,0,0.014173,65,0.012016
347,349.762899,0.01845,14.252616,12,0,2.7,0.009563,0,0.028013,65,0.012035
348,197.718695,0.00585,14.291282,12,0,2.7,0.008492,0,0.014342,65,0.012017
349,320.967586,0.01845,14.343312,12,0,2.7,0.009256,0,0.027706,65,0.012036
350,350.647335,0.01845,14.395694,12,0,2.7,0.009609,0,0.028059,65,0.012054
351,336.900859,0.01845,14.447611,12,0,2.7,0.009142,0,0.027592,65,0.012072
352,323.008911,0.01845,14.499058,12,0,2.7,0.008674,0,0.027124,65,0.01209
353,211.293009,0.00585,14.538429,12,0,2.7,0.009196,0,0.015046,65,0.012072
354,141.427567,0.0027,14.574207,12,0,2.7,0.008755,0,0.011455,65,0.012046
355,186.391967,0.00585,14.61315,12,0,2.7,0.008768,0,0.014618,65,0.012029
356,204.937691,0.00585,14.651888,12,0,2.7,0.008564,0,0.014414,65,0.012011
357,130.790733,0.0027,14.688352,12,0,2.7,0.00944,0,0.01214,65,0.011985
358,331.119008,0.01845,14.740797,12,0,2.7,0.009671,0,0.028121,65,0.012003
359,351.489995,0.01845,14.793144,12,0,2.7,0.009574,0,0.028024,65,0.012021
360,119.576375,0.0027,14.82878,12,0,2.7,0.008611,0,0.011311,65,0.011995
361,331.165359,0.01845,14.880528,12,0,2.7,0.008974,0,0.027424,65,0.012013
362,203.908017,0.00585,14.919612,12,0,2.7,0.008909,0,0.014759,65,0.011996
363,303.389157,0.01845,14.971065,12,0,2.7,0.008679,0,0.027129,65,0.012014
364,130.936538,0.0027,15.007529,12,0,2.7,0.00944,0,0.01214,65,0.011988
365,344.861731,0.01845,15.059746,12,0,2.7,0.009443,0,0.027893,65,0.012006
366,124.444931,0.0027,15.095752,12,0,2.7,0.008982,0,0.011682,65,0.011981
367,136.160936,0.0027,15.131151,12,0,2.7,0.008375,0,0.011075,65,0.011956
368,325.358685,0.01845,15.182685,12,0,2.7,0.00876,0,0.02721,65,0.011973
369,126.197578,0.0027,15.218836,12,0,2.7,0.009128,0,0.011828,65,0.011948
370,150.032646,0.0027,15.255241,12,0,2.7,0.009381,0,0.012081,65,0.011923
371,147.97948,0.0027,15.29152,12,0,2.7,0.009254,0,0.011954,65,0.011898
372,182.205653,0.00585,15.330301,12,0,2.7,0.008607,0,0.014457,65,0.011882
373,124.345183,0.0027,15.366303,12,0,2.7,0.008978,0,0.011678,65,0.011858
374,193.081326,0.00585,15.405833,12,0,2.7,0.009357,0,0.015207,65,0.011842
375,313.913095,0.01845,15.457727,12,0,2.7,0.00912,0,0.02757,65,0.011859
376,130.092334,0.0027,15.494142,12,0,2.7,0.00939,0,0.01209,65,0.011835
377,146.687953,0.0027,15.530327,12,0,2.7,0.009161,0,0.011861,65,0.011811
378,190.170065,0.00585,15.569519,12,0,2.7,0.009018,0,0.014868,65,0.011795
379,338.972568,0.01845,15.621487,12,0,2.7,0.009193,0,0.027643,65,0.011812
380,317.175653,0.01845,15.672733,12,0,2.7,0.008473,0,0.026923,65,0.01183
381,142.252227,0.0027,15.708582,12,0,2.7,0.008824,0,0.011524,65,0.011806
382,146.274512,0.0027,15.744732,12,0,2.7,0.009126,0,0.011826,65,0.011782
383,140.550996,0.0027,15.780471,12,0,2.7,0.008715,0,0.011415,65,0.011759
384,147.199884,0.0027,15.816688,12,0,2.7,0.009194,0,0.011894,65,0.011735
385,143.091499,0.0027,15.852582,12,0,2.7,0.00887,0,0.01157,65,0.011712
386,328.049331,0.01845,15.904142,12,0,2.7,0.008785,0,0.027235,65,0.011729
387,186.143438,0.00585,15.943088,12,0,2.7,0.008772,0,0.014622,65,0.011714
388,320.603205,0.01845,15.994459,12,0,2.7,0.008597,0,0.027047,65,0.011731
389,349.716061,0.01845,16.046762,12,0,2.7,0.009529,0,0.027979,65,0.011748
390,119.483073,0.0027,16.082382,12,0,2.7,0.008596,0,0.011296,65,0.011725
391,346.193068,0.01845,16.134593,12,0,2.7,0.009437,0,0.027887,65,0.011742
392,178.235483,0.00585,16.173146,12,0,2.7,0.008379,0,0.014229,65,0.011727
393,119.153915,0.0027,16.208744,12,0,2.7,0.008574,0,0.011274,65,0.011705
394,322.323716,0.01845,16.260139,12,0,2.7,0.00862,0,0.02707,65,0.011722
395,147.683081,0.0027,16.296379,12,0,2.7,0.009217,0,0.011917,65,0.011699
396,140.658813,0.0027,16.332098,12,0,2.7,0.008695,0,0.011395,65,0.011676
397,145.14093,0.0027,16.368161,12,0,2.7,0.009039,0,0.011739,65,0.011654
398,147.970297,0.0027,16.404414,12,0,2.7,0.00923,0,0.01193,65,0.011631
399,325.709516,0.01845,16.456023,12,0,2.7,0.008835,0,0.027285,65,0.011648
400,131.086685,0.0027,16.492517,12,0,2.7,0.009469,0,0.012169,65,0.011626
401,138.470347,0.0027,16.52807,12,0,2.7,0.008529,0,0.011229,65,0.011604
402,212.438379,0.00585,16.567536,12,0,2.7,0.009292,0,0.015142,65,0.011589
403,314.464409,0.01845,16.618726,12,0,2.7,0.008416,0,0.026866,65,0.011606
404,222.341175,0.00585,16.658545,12,0,2.7,0.009645,0,0.015495,65,0.011592
405,132.480379,0.0027,16.695153,12,0,2.7,0.009585,0,0.012285,65,0.01157
406,341.674978,0.01845,16.747304,12,0,2.7,0.009377,0,0.027827,65,0.011587
407,319.393607,0.01845,16.798566,12,0,2.7,0.008488,0,0.026938,65,0.011604
408,222.035786,0.00585,16.838408,12,0,2.7,0.009668,0,0.015518,65,0.01159
409,120.159823,0.0027,16.874107,12,0,2.7,0.008675,0,0.011375,65,0.011568
410,138.892914,0.0027,16.909681,12,0,2.7,0.00855,0,0.01125,65,0.011547
411,332.508009,0.01845,16.96141,12,0,2.7,0.008955,0,0.027405,65,0.011563
412,185.0273,0.00585,17.000333,12,0,2.7,0.008748,0,0.014598,65,0.01155
413,299.322734,0.01845,17.051611,12,0,2.7,0.008505,0,0.026955,65,0.011566
414,180.929674,0.00585,17.090132,12,0,2.7,0.008346,0,0.014196,65,0.011553
415,132.321897,0.0027,17.12672,12,0,2.7,0.009565,0,0.012265,65,0.011531
416,214.173213,0.00585,17.166208,12,0,2.7,0.009314,0,0.015164,65,0.011518
417,327.541524,0.01845,17.217753,12,0,2.7,0.008771,0,0.027221,65,0.011534
418,322.495477,0.01845,17.269126,12,0,2.7,0.0086,0,0.02705,65,0.011551
419,187.938185,0.00585,17.30805,12,0,2.7,0.008749,0,0.014599,65,0.011537
420,143.017864,0.0027,17.343943,12,0,2.7,0.00887,0,0.01157,65,0.011516
421,297.76784,0.01845,17.395236,12,0,2.7,0.008519,0,0.026969,65,0.011533
422,130.003389,0.0027,17.431652,12,0,2.7,0.009392,0,0.012092,65,0.011512
423,152.010083,0.0027,17.468222,12,0,2.7,0.009547,0,0.012247,65,0.011491
424,198.535256,0.00585,17.507826,12,0,2.7,0.009429,0,0.015279,65,0.011478
425,322.84186,0.01845,17.559942,12,0,2.7,0.009342,0,0.027792,65,0.011494
426,191.148973,0.00585,17.599209,12,0,2.7,0.009093,0,0.014943,65,0.011481
427,334.949993,0.01845,17.651686,12,0,2.7,0.009704,0,0.028154,65,0.011497
428,153.027024,0.0027,17.688327,12,0,2.7,0.009617,0,0.012317,65,0.011477
429,295.595771,0.01845,17.739565,12,0,2.7,0.008464,0,0.026914,65,0.011493
430,350.375349,0.01845,17.791997,12,0,2.7,0.009659,0,0.028109,65,0.011509
431,125.926563,0.0027,17.828119,12,0,2.7,0.009097,0,0.011797,65,0.011489
432,336.266893,0.01845,17.880073,12,0,2.7,0.00918,0,0.02763,65,0.011505
433,204.536762,0.00585,17.918711,12,0,2.7,0.008464,0,0.014314,65,0.011492
434,316.580928,0.01845,17.970618,12,0,2.7,0.009134,0,0.027584,65,0.011508
435,342.916695,0.01845,18.023032,12,0,2.7,0.009639,0,0.028089,65,0.011524
436,132.476525,0.0027,18.059613,12,0,2.7,0.009557,0,0.012257,65,0.011503
437,321.196066,0.01845,18.111676,12,0,2.7,0.00929,0,0.02774,65,0.011519
438,181.989815,0.00585,18.150549,12,0,2.7,0.008699,0,0.014549,65,0.011506
439,132.807431,0.0027,18.187172,12,0,2.7,0.009599,0,0.012299,65,0.011486
440,304.385272,0.01845,18.238613,12,0,2.7,0.008667,0,0.027117,65,0.011502
441,316.989751,0.01845,18.289869,12,0,2.7,0.008482,0,0.026932,65,0.011518
442,125.532435,0.0027,18.325944,12,0,2.7,0.009051,0,0.011751,65,0.011498
443,215.424333,0.00585,18.365426,12,0,2.7,0.009308,0,0.015158,65,0.011485
444,118.345028,0.0027,18.400956,12,0,2.7,0.008506,0,0.011206,65,0.011465
445,202.00661,0.00585,18.439688,12,0,2.7,0.008558,0,0.014408,65,0.011453
446,296.952131,0.01845,18.49094,12,0,2.7,0.008479,0,0.026929,65,0.011468
447,132.899134,0.0027,18.527578,12,0,2.7,0.009614,0,0.012314,65,0.011449
448,315.529513,0.01845,18.578779,12,0,2.7,0.008426,0,0.026876,65,0.011464
449,153.774318,0.0027,18.615487,12,0,2.7,0.009684,0,0.012384,65,0.011445
450,141.98428,0.0027,18.651315,12,0,2.7,0.008804,0,0.011504,65,0.011426
451,190.413701,0.00585,18.690582,12,0,2.7,0.009093,0,0.014943,65,0.011413
452,343.877724,0.01845,18.742729,12,0,2.7,0.009373,0,0.027823,65,0.011429
453,209.698256,0.00585,18.781785,12,0,2.7,0.008882,0,0.014732,65,0.011417
454,136.899232,0.0027,18.817215,12,0,2.7,0.008406,0,0.011106,65,0.011397
455,143.176767,0.0027,18.853122,12,0,2.7,0.008884,0,0.011584,65,0.011378
456,143.308062,0.0027,18.889036,12,0,2.7,0.00889,0,0.01159,65,0.011359
457,184.866792,0.00585,18.927856,12,0,2.7,0.008645,0,0.014495,65,0.011347
458,308.965731,0.01845,18.979516,12,0,2.7,0.008887,0,0.027337,65,0.011363
459,340.754698,0.01845,19.031517,12,0,2.7,0.009227,0,0.027677,65,0.011378
460,148.87663,0.0027,19.067846,12,0,2.7,0.009305,0,0.012005,65,0.011359
461,298.11427,0.01845,19.119135,12,0,2.7,0.008516,0,0.026966,65,0.011375
462,149.46882,0.0027,19.155509,12,0,2.7,0.00935,0,0.01205,65,0.011356
463,183.050649,0.00585,19.194357,12,0,2.7,0.008674,0,0.014524,65,0.011344
464,216.816129,0.00585,19.233641,12,0,2.7,0.009109,0,0.014959,65,0.011332
465,147.592182,0.0027,19.269865,12,0,2.7,0.0092,0,0.0119,65,0.011314
466,293.528602,0.01845,19.321075,12,0,2.7,0.008436,0,0.026886,65,0.011329
467,124.584847,0.0027,19.357098,12,0,2.7,0.008998,0,0.011698,65,0.011311
468,315.129697,0.01845,19.409011,12,0,2.7,0.009139,0,0.027589,65,0.011326
469,211.309225,0.00585,19.448077,12,0,2.7,0.008891,0,0.014741,65,0.011314
470,148.802594,0.0027,19.484388,12,0,2.7,0.009288,0,0.011988,65,0.011296
471,338.870832,0.01845,19.536324,12,0,2.7,0.009161,0,0.027611,65,0.011311
472,186.519946,0.00585,19.575214,12,0,2.7,0.008716,0,0.014566,65,0.011299
473,194.178649,0.00585,19.613717,12,0,2.7,0.008329,0,0.014179,65,0.011288
474,119.134588,0.0027,19.649322,12,0,2.7,0.008581,0,0.011281,65,0.01127
475,195.961812,0.00585,19.688916,12,0,2.7,0.00942,0,0.01527,65,0.011259
476,119.603668,0.0027,19.72454,12,0,2.7,0.008601,0,0.011301,65,0.011241
477,326.236454,0.01845,19.776776,12,0,2.7,0.009461,0,0.027911,65,0.011256
478,344.573043,0.01845,19.829152,12,0,2.7,0.009603,0,0.028053,65,0.011271
479,214.029206,0.00585,19.868553,12,0,2.7,0.009227,0,0.015077,65,0.011259
480,142.445045,0.0027,19.904395,12,0,2.7,0.008818,0,0.011518,65,0.011242
481,306.49934,0.01845,19.956016,12,0,2.7,0.008847,0,0.027297,65,0.011257
482,147.788687,0.0027,19.99228,12,0,2.7,0.00924,0,0.01194,65,0.011239
483,310.957164,0.01845,20.043399,12,0,2.7,0.008345,0,0.026795,65,0.011254
484,312.087792,0.01845,20.09448,12,0,2.7,0.008307,0,0.026757,65,0.011269
485,348.54095,0.01845,20.146791,12,0,2.7,0.009537,0,0.027987,65,0.011283
486,153.220852,0.0027,20.183438,12,0,2.7,0.009622,0,0.012322,65,0.011266
487,139.876358,0.0027,20.219101,12,0,2.7,0.008639,0,0.011339,65,0.011248
488,321.832703,0.01845,20.271199,12,0,2.7,0.009324,0,0.027774,65,0.011263
489,329.509992,0.01845,20.322889,12,0,2.7,0.008916,0,0.027366,65,0.011278
490,132.40522,0.0027,20.359489,12,0,2.7,0.009576,0,0.012276,65,0.01126
491,192.36296,0.00585,20.398738,12,0,2.7,0.009075,0,0.014925,65,0.011249
492,194.254713,0.00585,20.437273,12,0,2.7,0.00836,0,0.01421,65,0.011238
493,197.95502,0.00585,20.475808,12,0,2.7,0.008361,0,0.014211,65,0.011227
494,214.326514,0.00585,20.515117,12,0,2.7,0.009135,0,0.014985,65,0.011216
495,119.943142,0.0027,20.550769,12,0,2.7,0.008628,0,0.011328,65,0.011199
496,337.935098,0.01845,20.602743,12,0,2.7,0.0092,0,0.02765,65,0.011214
497,131.646501,0.0027,20.639264,12,0,2.7,0.009497,0,0.012197,65,0.011197
498,331.794912,0.01845,20.691718,12,0,2.7,0.00968,0,0.02813,65,0.011211
499,195.402481,0.00585,20.731007,12,0,2.7,0.009115,0,0.014965,65,0.0112
500,130.699756,0.0027,20.767493,12,0,2.7,0.009462,0,0.012162,65,0.011184
501,201.427457,0.00585,20.807078,12,0,2.7,0.009411,0,0.015261,65,0.011173
502,141.193623,0.0027,20.842831,12,0,2.7,0.00873,0,0.01143,65,0.011156
503,303.089942,0.01845,20.894272,12,0,2.7,0.008667,0,0.027117,65,0.011171
504,340.362856,0.01845,20.946357,12,0,2.7,0.009311,0,0.027761,65,0.011185
505,147.120038,0.0027,20.982562,12,0,2.7,0.009181,0,0.011881,65,0.011168
506,138.873582,0.0027,21.018139,12,0,2.7,0.008552,0,0.011252,65,0.011151
507,348.250822,0.01845,21.070478,12,0,2.7,0.009565,0,0.028015,65,0.011166
508,317.031385,0.01845,21.12173,12,0,2.7,0.008479,0,0.026929,65,0.01118
509,129.91153,0.0027,21.158137,12,0,2.7,0.009383,0,0.012083,65,0.011164
510,221.239307,0.00585,21.197993,12,0,2.7,0.009683,0,0.015533,65,0.011153
511,336.976371,0.01845,21.249922,12,0,2.7,0.009155,0,0.027605,65,0.011167
512,147.564652,0.0027,21.286164,12,0,2.7,0.009218,0,0.011918,65,0.011151
513,215.698084,0.00585,21.32586,12,0,2.7,0.009522,0,0.015372,65,0.011141
514,153.399893,0.0027,21.362544,12,0,2.7,0.00966,0,0.01236,65,0.011124
515,153.315598,0.0027,21.399214,12,0,2.7,0.009646,0,0.012346,65,0.011108
516,328.830884,0.01845,21.451525,12,0,2.7,0.009537,0,0.027987,65,0.011122
517,142.489911,0.0027,21.487363,12,0,2.7,0.008814,0,0.011514,65,0.011106
518,135.118135,0.0027,21.522669,12,0,2.7,0.008282,0,0.010982,65,0.01109
519,200.904488,0.00585,21.561291,12,0,2.7,0.008448,0,0.014298,65,0.01108
520,197.959265,0.00585,21.599868,12,0,2.7,0.008404,0,0.014254,65,0.011069
521,332.548142,0.01845,21.652322,12,0,2.7,0.00968,0,0.02813,65,0.011084
522,351.8815,0.01845,21.704777,12,0,2.7,0.009681,0,0.028131,65,0.011098
523,322.771676,0.01845,21.756391,12,0,2.7,0.00884,0,0.02729,65,0.011112
524,140.665888,0.0027,21.79213,12,0,2.7,0.008714,0,0.011414,65,0.011096
525,221.825487,0.00585,21.831971,12,0,2.7,0.009667,0,0.015517,65,0.011086
526,299.717679,0.01845,21.883379,12,0,2.7,0.008634,0,0.027084,65,0.0111
527,191.285588,0.00585,21.922527,12,0,2.7,0.008974,0,0.014824,65,0.01109
528,136.036922,0.0027,21.957877,12,0,2.7,0.008326,0,0.011026,65,0.011074
529,294.974765,0.01845,22.009098,12,0,2.7,0.008447,0,0.026897,65,0.011088
530,175.910479,0.00585,22.047623,12,0,2.7,0.008351,0,0.014201,65,0.011078
531,339.333289,0.01845,22.099628,12,0,2.7,0.009231,0,0.027681,65,0.011092
532,323.169988,0.01845,22.151097,12,0,2.7,0.008695,0,0.027145,65,0.011106
533,186.503104,0.00585,22.190026,12,0,2.7,0.008755,0,0.014605,65,0.011096
534,215.491643,0.00585,22.229438,12,0,2.7,0.009238,0,0.015088,65,0.011086
535,119.933441,0.0027,22.265105,12,0,2.7,0.008643,0,0.011343,65,0.01107
536,338.266413,0.01845,22.31709,12,0,2.7,0.009211,0,0.027661,65,0.011084
537,333.663487,0.01845,22.368886,12,0,2.7,0.009022,0,0.027472,65,0.011098
538,118.646852,0.0027,22.404472,12,0,2.7,0.008561,0,0.011261,65,0.011082
539,347.158263,0.01845,22.456814,12,0,2.7,0.009569,0,0.028019,65,0.011096
540,339.624341,0.01845,22.508806,12,0,2.7,0.009218,0,0.027668,65,0.011109
541,338.142975,0.01845,22.560792,12,0,2.7,0.009212,0,0.027662,65,0.011123
542,353.425312,0.01845,22.613267,12,0,2.7,0.0097,0,0.02815,65,0.011136
543,204.940607,0.00585,22.652281,12,0,2.7,0.008841,0,0.014691,65,0.011127
544,325.757465,0.01845,22.703841,12,0,2.7,0.008785,0,0.027235,65,0.01114
545,341.381839,0.01845,22.755954,12,0,2.7,0.009339,0,0.027789,65,0.011154
546,192.45165,0.00585,22.795457,12,0,2.7,0.00933,0,0.01518,65,0.011144
547,142.241946,0.0027,22.831309,12,0,2.7,0.008827,0,0.011527,65,0.011128
548,328.176236,0.01845,22.882882,12,0,2.7,0.008799,0,0.027249,65,0.011142
549,212.0143,0.00585,22.922268,12,0,2.7,0.009212,0,0.015062,65,0.011132
550,216.945091,0.00585,22.961872,12,0,2.7,0.00943,0,0.01528,65,0.011123
551,207.668766,0.00585,23.000792,12,0,2.7,0.008745,0,0.014595,65,0.011113
552,126.340925,0.0027,23.036925,12,0,2.7,0.009109,0,0.011809,65,0.011098
553,204.303395,0.00585,23.075683,12,0,2.7,0.008585,0,0.014435,65,0.011088
554,211.817862,0.00585,23.114889,12,0,2.7,0.009031,0,0.014881,65,0.011079
555,119.987796,0.0027,23.150551,12,0,2.7,0.008638,0,0.011338,65,0.011064
556,207.721003,0.00585,23.189649,12,0,2.7,0.008924,0,0.014774,65,0.011054
557,220.862618,0.00585,23.229397,12,0,2.7,0.009574,0,0.015424,65,0.011045
558,344.597275,0.01845,23.281576,12,0,2.7,0.009405,0,0.027855,65,0.011058
559,341.177812,0.01845,23.333681,12,0,2.7,0.00933,0,0.02778,65,0.011072
560,147.077774,0.0027,23.369883,12,0,2.7,0.009178,0,0.011878,65,0.011057
561,146.313129,0.0027,23.406018,12,0,2.7,0.009111,0,0.011811,65,0.011042
562,148.50226,0.0027,23.442324,12,0,2.7,0.009283,0,0.011983,65,0.011027
563,320.659179,0.01845,23.493698,12,0,2.7,0.0086,0,0.02705,65,0.01104
564,199.807957,0.00585,23.533259,12,0,2.7,0.009387,0,0.015237,65,0.011031
565,203.554061,0.00585,23.572251,12,0,2.7,0.008818,0,0.014668,65,0.011022
566,196.54572,0.00585,23.610721,12,0,2.7,0.008296,0,0.014146,65,0.011013
567,125.112406,0.0027,23.646776,12,0,2.7,0.009032,0,0.011732,65,0.010998
568,143.574355,0.0027,23.682695,12,0,2.7,0.008895,0,0.011595,65,0.010983
569,195.884701,0.00585,23.721979,12,0,2.7,0.009109,0,0.014959,65,0.010974
570,142.057908,0.0027,23.75778,12,0,2.7,0.008777,0,0.011477,65,0.01096
571,189.277232,0.00585,23.796996,12,0,2.7,0.009042,0,0.014892,65,0.010951
572,135.24747,0.0027,23.832312,12,0,2.7,0.008292,0,0.010992,65,0.010937
573,322.31536,0.01845,23.884401,12,0,2.7,0.009315,0,0.027765,65,0.01095
574,332.341278,0.01845,23.936246,12,0,2.7,0.009071,0,0.027521,65,0.010963
575,194.97408,0.00585,23.975827,12,0,2.7,0.009407,0,0.015257,65,0.010954
576,318.437453,0.01845,24.027176,12,0,2.7,0.008575,0,0.027025,65,0.010967
577,146.738015,0.0027,24.063352,12,0,2.7,0.009152,0,0.011852,65,0.010953
578,137.159152,0.0027,24.0988,12,0,2.7,0.008424,0,0.011124,65,0.010938
579,141.969768,0.0027,24.134603,12,0,2.7,0.008779,0,0.011479,65,0.010924
580,188.505471,0.00585,24.173855,12,0,2.7,0.009078,0,0.014928,65,0.010915
581,347.372555,0.01845,24.226197,12,0,2.7,0.009568,0,0.028018,65,0.010928
582,194.784312,0.00585,24.265751,12,0,2.7,0.00938,0,0.01523,65,0.01092
583,210.650333,0.00585,24.305088,12,0,2.7,0.009163,0,0.015013,65,0.010911
584,205.845718,0.00585,24.343946,12,0,2.7,0.008684,0,0.014534,65,0.010902
585,202.401652,0.00585,24.382666,12,0,2.7,0.008546,0,0.014396,65,0.010894
586,212.726838,0.00585,24.422021,12,0,2.7,0.009181,0,0.015031,65,0.010885
587,142.355067,0.0027,24.457854,12,0,2.7,0.008808,0,0.011508,65,0.010871
588,201.582781,0.00585,24.496505,12,0,2.7,0.008477,0,0.014327,65,0.010863
589,201.98318,0.00585,24.53511,12,0,2.7,0.008431,0,0.014281,65,0.010854
590,196.121746,0.00585,24.573668,12,0,2.7,0.008384,0,0.014234,65,0.010846
591,203.217946,0.00585,24.612321,12,0,2.7,0.00848,0,0.01433,65,0.010837
592,215.769883,0.00585,24.651606,12,0,2.7,0.009111,0,0.014961,65,0.010829
593,217.169843,0.00585,24.691339,12,0,2.7,0.009559,0,0.015409,65,0.01082
594,142.056937,0.0027,24.727157,12,0,2.7,0.008794,0,0.011494,65,0.010807
595,326.207669,0.01845,24.778723,12,0,2.7,0.008792,0,0.027242,65,0.01082
596,142.460405,0.0027,24.814556,12,0,2.7,0.008809,0,0.011509,65,0.010806
597,317.648623,0.01845,24.865879,12,0,2.7,0.008548,0,0.026998,65,0.010819
598,176.957463,0.00585,24.904434,12,0,2.7,0.008381,0,0.014231,65,0.010811
599,296.207385,0.01845,24.95569,12,0,2.7,0.008482,0,0.026932,65,0.010823
600,190.87812,0.00585,24.994926,12,0,2.7,0.009061,0,0.014911,65,0.010815
601,315.931465,0.01845,25.046755,12,0,2.7,0.009056,0,0.027506,65,0.010828
602,177.671858,0.00585,25.085299,12,0,2.7,0.00837,0,0.01422,65,0.010819
603,130.487485,0.0027,25.121752,12,0,2.7,0.009429,0,0.012129,65,0.010806
604,314.373397,0.01845,25.173614,12,0,2.7,0.009088,0,0.027538,65,0.010819
605,132.083916,0.0027,25.210164,12,0,2.7,0.009526,0,0.012226,65,0.010805
606,139.350258,0.0027,25.245805,12,0,2.7,0.008617,0,0.011317,65,0.010792
607,312.614603,0.01845,25.296937,12,0,2.7,0.008358,0,0.026808,65,0.010804
608,125.079319,0.0027,25.333005,12,0,2.7,0.009044,0,0.011744,65,0.010791
609,320.730885,0.01845,25.385074,12,0,2.7,0.009295,0,0.027745,65,0.010804
610,135.922167,0.0027,25.420449,12,0,2.7,0.008351,0,0.011051,65,0.01079
611,204.439935,0.00585,25.460327,12,0,2.7,0.009703,0,0.015553,65,0.010782
612,124.488279,0.0027,25.496325,12,0,2.7,0.008974,0,0.011674,65,0.010769
613,314.059178,0.01845,25.548193,12,0,2.7,0.009094,0,0.027544,65,0.010782
614,147.396008,0.0027,25.584432,12,0,2.7,0.009215,0,0.011915,65,0.010769
615,185.294555,0.00585,25.623329,12,0,2.7,0.008723,0,0.014573,65,0.010761
616,217.799223,0.00585,25.663057,12,0,2.7,0.009554,0,0.015404,65,0.010753
617,130.521789,0.0027,25.699499,12,0,2.7,0.009418,0,0.012118,65,0.01074
618,314.318332,0.01845,25.750688,12,0,2.7,0.008415,0,0.026865,65,0.010752
619,180.709857,0.00585,25.789398,12,0,2.7,0.008535,0,0.014385,65,0.010744
620,132.274673,0.0027,25.825995,12,0,2.7,0.009573,0,0.012273,65,0.010731
621,340.100519,0.01845,25.878015,12,0,2.7,0.009246,0,0.027696,65,0.010744
622,123.86952,0.0027,25.913992,12,0,2.7,0.008953,0,0.011653,65,0.010731
623,319.668946,0.01845,25.965381,12,0,2.7,0.008615,0,0.027065,65,0.010743
624,139.969193,0.0027,26.001036,12,0,2.7,0.008631,0,0.011331,65,0.01073
625,140.469707,0.0027,26.036725,12,0,2.7,0.008665,0,0.011365,65,0.010717
626,206.403315,0.00585,26.075768,12,0,2.7,0.008869,0,0.014719,65,0.01071
627,147.277427,0.0027,26.111965,12,0,2.7,0.009172,0,0.011872,65,0.010697
628,295.116628,0.01845,26.163133,12,0,2.7,0.008395,0,0.026845,65,0.010709
629,123.13119,0.0027,26.199043,12,0,2.7,0.008886,0,0.011586,65,0.010696
630,293.891285,0.01845,26.250149,12,0,2.7,0.008332,0,0.026782,65,0.010709
631,313.354923,0.01845,26.301251,12,0,2.7,0.008329,0,0.026779,65,0.010721
632,151.084979,0.0027,26.337755,12,0,2.7,0.00948,0,0.01218,65,0.010708
633,327.82758,0.01845,26.390012,12,0,2.7,0.009483,0,0.027933,65,0.010721
634,119.581842,0.0027,26.425657,12,0,2.7,0.008621,0,0.011321,65,0.010708
635,127.61141,0.0027,26.46188,12,0,2.7,0.0092,0,0.0119,65,0.010695
636,146.919031,0.0027,26.498097,12,0,2.7,0.009193,0,0.011893,65,0.010683
637,327.49151,0.01845,26.550372,12,0,2.7,0.0095,0,0.02795,65,0.010695
638,350.290701,0.01845,26.602727,12,0,2.7,0.009582,0,0.028032,65,0.010707
639,334.644776,0.01845,26.65455,12,0,2.7,0.009048,0,0.027498,65,0.010719
640,341.082537,0.01845,26.706683,12,0,2.7,0.00936,0,0.02781,65,0.010731
641,336.704683,0.01845,26.75854,12,0,2.7,0.009082,0,0.027532,65,0.010743
642,350.457603,0.01845,26.81086,12,0,2.7,0.009546,0,0.027996,65,0.010755
643,116.534688,0.0027,26.846246,12,0,2.7,0.008363,0,0.011063,65,0.010743
644,141.07857,0.0027,26.881989,12,0,2.7,0.008718,0,0.011418,65,0.01073
645,185.907601,0.00585,26.921069,12,0,2.7,0.008906,0,0.014756,65,0.010723
646,117.882204,0.0027,26.95659,12,0,2.7,0.008497,0,0.011197,65,0.01071
647,196.509753,0.00585,26.996037,12,0,2.7,0.009273,0,0.015123,65,0.010703
648,124.535238,0.0027,27.03206,12,0,2.7,0.008999,0,0.011699,65,0.01069
649,140.114573,0.0027,27.067745,12,0,2.7,0.008661,0,0.011361,65,0.010678
650,322.132983,0.01845,27.119158,12,0,2.7,0.008639,0,0.027089,65,0.01069
651,316.310644,0.01845,27.171081,12,0,2.7,0.009149,0,0.027599,65,0.010702
652,335.670633,0.01845,27.22304,12,0,2.7,0.009185,0,0.027635,65,0.010714
653,142.393387,0.0027,27.258924,12,0,2.7,0.00886,0,0.01156,65,0.010702
654,321.748414,0.01845,27.311038,12,0,2.7,0.00934,0,0.02779,65,0.010713
655,198.976395,0.00585,27.34964,12,0,2.7,0.008428,0,0.014278,65,0.010706
656,204.925794,0.00585,27.388536,12,0,2.7,0.008722,0,0.014572,65,0.010699
657,216.107664,0.00585,27.428099,12,0,2.7,0.009389,0,0.015239,65,0.010691
658,205.807093,0.00585,27.466928,12,0,2.7,0.008655,0,0.014505,65,0.010684
659,117.944176,0.0027,27.502437,12,0,2.7,0.008485,0,0.011185,65,0.010672
660,210.342363,0.00585,27.541736,12,0,2.7,0.009125,0,0.014975,65,0.010665
661,150.507156,0.0027,27.578189,12,0,2.7,0.009429,0,0.012129,65,0.010652
662,345.676317,0.01845,27.63043,12,0,2.7,0.009467,0,0.027917,65,0.010664
663,311.384302,0.01845,27.681487,12,0,2.7,0.008283,0,0.026733,65,0.010676
664,133.648641,0.0027,27.718164,12,0,2.7,0.009653,0,0.012353,65,0.010664
665,197.603129,0.00585,27.757604,12,0,2.7,0.009266,0,0.015116,65,0.010657
666,210.33377,0.00585,27.79697,12,0,2.7,0.009192,0,0.015042,65,0.01065
667,348.316282,0.01845,27.849241,12,0,2.7,0.009497,0,0.027947,65,0.010661
668,336.510783,0.01845,27.901207,12,0,2.7,0.009192,0,0.027642,65,0.010673
669,150.069045,0.0027,27.937658,12,0,2.7,0.009428,0,0.012128,65,0.010661
670,140.536904,0.0027,27.973366,12,0,2.7,0.008684,0,0.011384,65,0.010649
671,186.146437,0.00585,28.012446,12,0,2.7,0.008906,0,0.014756,65,0.010642
672,118.020848,0.0027,28.047974,12,0,2.7,0.008504,0,0.011204,65,0.01063
673,223.03263,0.00585,28.087696,12,0,2.7,0.009547,0,0.015397,65,0.010623
674,220.445566,0.00585,28.127503,12,0,2.7,0.009633,0,0.015483,65,0.010616
675,192.759128,0.00585,28.166889,12,0,2.7,0.009212,0,0.015062,65,0.010609
676,343.891854,0.01845,28.219004,12,0,2.7,0.009342,0,0.027792,65,0.010621
677,349.651626,0.01845,28.27136,12,0,2.7,0.009582,0,0.028032,65,0.010632
678,325.882752,0.01845,28.32354,12,0,2.7,0.009406,0,0.027856,65,0.010644
679,190.268763,0.00585,28.362918,12,0,2.7,0.009204,0,0.015054,65,0.010637
680,213.098365,0.00585,28.402448,12,0,2.7,0.009356,0,0.015206,65,0.01063
681,330.484593,0.01845,28.45479,12,0,2.7,0.009568,0,0.028018,65,0.010641
682,133.698428,0.0027,28.491481,12,0,2.7,0.009668,0,0.012368,65,0.010629
683,126.704766,0.0027,28.527649,12,0,2.7,0.009144,0,0.011844,65,0.010618
684,209.290315,0.00585,28.566584,12,0,2.7,0.008761,0,0.014611,65,0.010611
685,219.183503,0.00585,28.606399,12,0,2.7,0.009641,0,0.015491,65,0.010604
686,139.856239,0.0027,28.64207,12,0,2.7,0.008648,0,0.011348,65,0.010592
687,325.747545,0.01845,28.694355,12,0,2.7,0.00951,0,0.02796,65,0.010604
688,319.566596,0.01845,28.745661,12,0,2.7,0.008533,0,0.026983,65,0.010615
689,130.886227,0.0027,28.782136,12,0,2.7,0.009451,0,0.012151,65,0.010604
690,216.314124,0.00585,28.821594,12,0,2.7,0.009284,0,0.015134,65,0.010597
691,154.04692,0.0027,28.858305,12,0,2.7,0.009687,0,0.012387,65,0.010585
692,325.261986,0.01845,28.909803,12,0,2.7,0.008724,0,0.027174,65,0.010597
693,313.305523,0.01845,28.960914,12,0,2.7,0.008337,0,0.026787,65,0.010608
694,213.503539,0.00585,29.000203,12,0,2.7,0.009115,0,0.014965,65,0.010601
695,153.886121,0.0027,29.036921,12,0,2.7,0.009693,0,0.012393,65,0.01059
696,203.790741,0.00585,29.075484,12,0,2.7,0.008389,0,0.014239,65,0.010583
697,143.515641,0.0027,29.11141,12,0,2.7,0.008902,0,0.011602,65,0.010572
698,145.533397,0.0027,29.147508,12,0,2.7,0.009075,0,0.011775,65,0.010561
699,139.525144,0.0027,29.183146,12,0,2.7,0.008614,0,0.011314,65,0.010549
700,330.158605,0.01845,29.234791,12,0,2.7,0.008871,0,0.027321,65,0.010561
701,133.513453,0.0027,29.271481,12,0,2.7,0.009666,0,0.012366,65,0.010549
702,149.48789,0.0027,29.307876,12,0,2.7,0.009372,0,0.012072,65,0.010538
703,199.283383,0.00585,29.347669,12,0,2.7,0.009619,0,0.015469,65,0.010532
704,153.205866,0.0027,29.384317,12,0,2.7,0.009623,0,0.012323,65,0.01052
705,148.948034,0.0027,29.420678,12,0,2.7,0.009337,0,0.012037,65,0.010509
706,146.730245,0.0027,29.456848,12,0,2.7,0.009146,0,0.011846,65,0.010498
707,138.432184,0.0027,29.492399,12,0,2.7,0.008527,0,0.011227,65,0.010487
708,149.04915,0.0027,29.528751,12,0,2.7,0.009328,0,0.012028,65,0.010476
709,145.921493,0.0027,29.564861,12,0,2.7,0.009086,0,0.011786,65,0.010465
710,312.028471,0.01845,29.615923,12,0,2.7,0.008287,0,0.026737,65,0.010477
711,125.666935,0.0027,29.651992,12,0,2.7,0.009045,0,0.011745,65,0.010466
712,130.39456,0.0027,29.687426,12,0,2.7,0.00841,0,0.01111,65,0.010455
713,154.015963,0.0027,29.724142,12,0,2.7,0.009692,0,0.012392,65,0.010444
714,153.194473,0.0027,29.760802,12,0,2.7,0.009636,0,0.012336,65,0.010433
715,221.656634,0.00585,29.800617,12,0,2.7,0.009641,0,0.015491,65,0.010427
716,137.467826,0.0027,29.836086,12,0,2.7,0.008446,0,0.011146,65,0.010416
717,184.351915,0.00585,29.874753,12,0,2.7,0.008493,0,0.014343,65,0.01041
718,311.031989,0.01845,29.926461,12,0,2.7,0.008934,0,0.027384,65,0.010421
719,325.128954,0.01845,29.977957,12,0,2.7,0.008722,0,0.027172,65,0.010432
720,147.209587,0.0027,30.014164,12,0,2.7,0.009182,0,0.011882,65,0.010421
721,220.935397,0.00585,30.053987,12,0,2.7,0.00965,0,0.0155,65,0.010415
722,144.380273,0.0027,30.089981,12,0,2.7,0.00897,0,0.01167,65,0.010404
723,341.384474,0.01845,30.142052,12,0,2.7,0.009297,0,0.027747,65,0.010415
724,339.771567,0.01845,30.194115,12,0,2.7,0.009289,0,0.027739,65,0.010426
725,292.559051,0.01845,30.245242,12,0,2.7,0.008353,0,0.026803,65,0.010437
726,191.177172,0.00585,30.284311,12,0,2.7,0.008894,0,0.014744,65,0.010431
727,209.66714,0.00585,30.323561,12,0,2.7,0.009076,0,0.014926,65,0.010425
728,221.104312,0.00585,30.363237,12,0,2.7,0.009502,0,0.015352,65,0.010419
729,203.792855,0.00585,30.40189,12,0,2.7,0.008479,0,0.014329,65,0.010412
730,322.68861,0.01845,30.454003,12,0,2.7,0.009338,0,0.027788,65,0.010423
731,315.573888,0.01845,30.505131,12,0,2.7,0.008354,0,0.026804,65,0.010434
732,151.694816,0.0027,30.541693,12,0,2.7,0.009539,0,0.012239,65,0.010424
733,148.730441,0.0027,30.57801,12,0,2.7,0.009293,0,0.011993,65,0.010413
734,190.510605,0.00585,30.617141,12,0,2.7,0.008958,0,0.014808,65,0.010407
735,207.561581,0.00585,30.656277,12,0,2.7,0.008961,0,0.014811,65,0.010401
736,328.490393,0.01845,30.707943,12,0,2.7,0.008892,0,0.027342,65,0.010412
737,197.327175,0.00585,30.747731,12,0,2.7,0.009614,0,0.015464,65,0.010405
738,144.473674,0.0027,30.783719,12,0,2.7,0.008964,0,0.011664,65,0.010395
739,314.754099,0.01845,30.83563,12,0,2.7,0.009137,0,0.027587,65,0.010406
740,209.180698,0.00585,30.87463,12,0,2.7,0.008826,0,0.014676,65,0.0104
741,154.133205,0.0027,30.91135,12,0,2.7,0.009695,0,0.012395,65,0.010389
742,126.877732,0.0027,30.947529,12,0,2.7,0.009155,0,0.011855,65,0.010379
743,206.94151,0.00585,30.986479,12,0,2.7,0.008777,0,0.014627,65,0.010373
744,310.076504,0.01845,31.03813,12,0,2.7,0.008876,0,0.027326,65,0.010384
745,197.702821,0.00585,31.076661,12,0,2.7,0.008357,0,0.014207,65,0.010378
746,202.941129,0.00585,31.11548,12,0,2.7,0.008645,0,0.014495,65,0.010372
747,120.874273,0.0027,31.151192,12,0,2.7,0.008688,0,0.011388,65,0.010361
748,142.883436,0.0027,31.187079,12,0,2.7,0.008863,0,0.011563,65,0.010351
749,128.366254,0.0027,31.223379,12,0,2.7,0.009276,0,0.011976,65,0.010341
750,186.638146,0.00585,31.262552,12,0,2.7,0.008999,0,0.014849,65,0.010335
751,153.220092,0.0027,31.299214,12,0,2.7,0.009638,0,0.012338,65,0.010325
752,148.776343,0.0027,31.335526,12,0,2.7,0.009288,0,0.011988,65,0.010315
753,350.237622,0.01845,31.387883,12,0,2.7,0.009584,0,0.028034,65,0.010326
754,118.791742,0.0027,31.423456,12,0,2.7,0.008548,0,0.011248,65,0.010315
755,305.11441,0.01845,31.474937,12,0,2.7,0.008707,0,0.027157,65,0.010326
756,347.66636,0.01845,31.527153,12,0,2.7,0.009442,0,0.027892,65,0.010337
757,142.125571,0.0027,31.562962,12,0,2.7,0.008785,0,0.011485,65,0.010327
758,190.077178,0.00585,31.602096,12,0,2.7,0.00896,0,0.01481,65,0.010321
759,341.810003,0.01845,31.654167,12,0,2.7,0.009297,0,0.027747,65,0.010332
760,126.74276,0.0027,31.690335,12,0,2.7,0.009144,0,0.011844,65,0.010322
761,308.294356,0.01845,31.741993,12,0,2.7,0.008884,0,0.027334,65,0.010332
762,334.145821,0.01845,31.793808,12,0,2.7,0.009041,0,0.027491,65,0.010343
763,147.997219,0.0027,31.830065,12,0,2.7,0.009233,0,0.011933,65,0.010333
764,328.591513,0.01845,31.882349,12,0,2.7,0.00951,0,0.02796,65,0.010344
765,129.09394,0.0027,31.918712,12,0,2.7,0.009339,0,0.012039,65,0.010334
766,195.3133,0.00585,31.958037,12,0,2.7,0.009152,0,0.015002,65,0.010328
767,328.229583,0.01845,32.009629,12,0,2.7,0.008818,0,0.027268,65,0.010338
768,339.042558,0.01845,32.061625,12,0,2.7,0.009222,0,0.027672,65,0.010349
769,337.693839,0.01845,32.113628,12,0,2.7,0.009229,0,0.027679,65,0.010359
770,222.316783,0.00585,32.153356,12,0,2.7,0.009554,0,0.015404,65,0.010354
771,330.684127,0.01845,32.205725,12,0,2.7,0.009595,0,0.028045,65,0.010364
772,317.805033,0.01845,32.25696,12,0,2.7,0.008461,0,0.026911,65,0.010374
773,130.85574,0.0027,32.293421,12,0,2.7,0.009437,0,0.012137,65,0.010365
774,201.910545,0.00585,32.332351,12,0,2.7,0.008756,0,0.014606,65,0.010359
775,136.725411,0.0027,32.367763,12,0,2.7,0.008388,0,0.011088,65,0.010349
776,329.910896,0.01845,32.420049,12,0,2.7,0.009512,0,0.027962,65,0.010359
777,121.203182,0.0027,32.455837,12,0,2.7,0.008764,0,0.011464,65,0.010349
778,137.647267,0.0027,32.491318,12,0,2.7,0.008457,0,0.011157,65,0.01034
779,307.753544,0.01845,32.54297,12,0,2.7,0.008878,0,0.027328,65,0.01035
780,123.930496,0.0027,32.578931,12,0,2.7,0.008937,0,0.011637,65,0.01034
781,133.738223,0.0027,32.615606,12,0,2.7,0.009651,0,0.012351,65,0.01033
782,302.352917,0.01845,32.667007,12,0,2.7,0.008627,0,0.027077,65,0.010341
783,117.03981,0.0027,32.702459,12,0,2.7,0.008428,0,0.011128,65,0.010331
784,345.899922,0.01845,32.754725,12,0,2.7,0.009492,0,0.027942,65,0.010341
785,218.368449,0.00585,32.794385,12,0,2.7,0.009485,0,0.015335,65,0.010336
786,204.728587,0.00585,32.833295,12,0,2.7,0.008736,0,0.014586,65,0.01033
787,205.065976,0.00585,32.872041,12,0,2.7,0.008572,0,0.014422,65,0.010324
788,116.449083,0.0027,32.907428,12,0,2.7,0.008363,0,0.011063,65,0.010315
789,324.921746,0.01845,32.959574,12,0,2.7,0.009372,0,0.027822,65,0.010325
790,183.303875,0.00585,32.998114,12,0,2.7,0.008367,0,0.014217,65,0.010319
791,220.792717,0.00585,33.037786,12,0,2.7,0.009498,0,0.015348,65,0.010314
792,218.494612,0.00585,33.077388,12,0,2.7,0.009428,0,0.015278,65,0.010308
793,315.116996,0.01845,33.129211,12,0,2.7,0.009049,0,0.027499,65,0.010318
794,186.227982,0.00585,33.168082,12,0,2.7,0.008697,0,0.014547,65,0.010313
795,143.541305,0.0027,33.204026,12,0,2.7,0.00892,0,0.01162,65,0.010303
796,319.874729,0.01845,33.255383,12,0,2.7,0.008583,0,0.027033,65,0.010313
797,210.841202,0.00585,33.294739,12,0,2.7,0.009183,0,0.015033,65,0.010308
798,154.055999,0.0027,33.33144,12,0,2.7,0.009677,0,0.012377,65,0.010298
799,192.925346,0.00585,33.370782,12,0,2.7,0.009168,0,0.015018,65,0.010293
800,313.033818,0.01845,33.421963,12,0,2.7,0.008407,0,0.026857,65,0.010303
801,187.819962,0.00585,33.461043,12,0,2.7,0.008906,0,0.014756,65,0.010297
802,314.520771,0.01845,33.512945,12,0,2.7,0.009128,0,0.027578,65,0.010307
803,346.330654,0.01845,33.565265,12,0,2.7,0.009546,0,0.027996,65,0.010318
804,317.563928,0.01845,33.616543,12,0,2.7,0.008503,0,0.026953,65,0.010328
805,196.148174,0.00585,33.655011,12,0,2.7,0.008295,0,0.014145,65,0.010322
806,341.647341,0.01845,33.707139,12,0,2.7,0.009353,0,0.027803,65,0.010332
807,205.065163,0.00585,33.746106,12,0,2.7,0.008793,0,0.014643,65,0.010327
808,349.313698,0.01845,33.798436,12,0,2.7,0.009556,0,0.028006,65,0.010337
809,206.986886,0.00585,33.83755,12,0,2.7,0.00894,0,0.01479,65,0.010331
810,133.445125,0.0027,33.874232,12,0,2.7,0.009657,0,0.012357,65,0.010322
811,151.238924,0.0027,33.910749,12,0,2.7,0.009494,0,0.012194,65,0.010312
812,311.39794,0.01845,33.961916,12,0,2.7,0.008392,0,0.026842,65,0.010322
813,182.059608,0.00585,34.000549,12,0,2.7,0.00846,0,0.01431,65,0.010317
814,142.91597,0.0027,34.036426,12,0,2.7,0.008853,0,0.011553,65,0.010307
815,308.332506,0.01845,34.08811,12,0,2.7,0.00891,0,0.02736,65,0.010317
816,324.41437,0.01845,34.139592,12,0,2.7,0.008708,0,0.027158,65,0.010327
817,151.964353,0.0027,34.176157,12,0,2.7,0.009541,0,0.012241,65,0.010318
818,211.407259,0.00585,34.215521,12,0,2.7,0.00919,0,0.01504,65,0.010313
819,339.861442,0.01845,34.267616,12,0,2.7,0.009321,0,0.027771,65,0.010323
820,182.225201,0.00585,34.30653,12,0,2.7,0.00874,0,0.01459,65,0.010317
821,141.18334,0.0027,34.342298,12,0,2.7,0.008744,0,0.011444,65,0.010308
822,140.479073,0.0027,34.377995,12,0,2.7,0.008673,0,0.011373,65,0.010299
823,199.592962,0.00585,34.416531,12,0,2.7,0.008362,0,0.014212,65,0.010293
824,344.896895,0.01845,34.468663,12,0,2.7,0.009359,0,0.027809,65,0.010303
825,342.007248,0.01845,34.520757,12,0,2.7,0.00932,0,0.02777,65,0.010313
826,201.130546,0.00585,34.559279,12,0,2.7,0.008348,0,0.014198,65,0.010308
827,133.406571,0.0027,34.595977,12,0,2.7,0.009674,0,0.012374,65,0.010298
828,139.223617,0.0027,34.631566,12,0,2.7,0.008566,0,0.011266,65,0.010289
829,213.957928,0.00585,34.670801,12,0,2.7,0.00906,0,0.01491,65,0.010284
830,347.18375,0.01845,34.723016,12,0,2.7,0.009442,0,0.027892,65,0.010294
831,351.276598,0.01845,34.775426,12,0,2.7,0.009636,0,0.028086,65,0.010303
832,147.949132,0.0027,34.811681,12,0,2.7,0.009231,0,0.011931,65,0.010294
833,139.203418,0.0027,34.84728,12,0,2.7,0.008575,0,0.011275,65,0.010285
834,343.636914,0.01845,34.899416,12,0,2.7,0.009362,0,0.027812,65,0.010295
835,353.294824,0.01845,34.95189,12,0,2.7,0.0097,0,0.02815,65,0.010305
836,198.822857,0.00585,34.990471,12,0,2.7,0.008407,0,0.014257,65,0.010299
837,209.145826,0.00585,35.029657,12,0,2.7,0.009012,0,0.014862,65,0.010294
838,207.428968,0.00585,35.068664,12,0,2.7,0.008833,0,0.014683,65,0.010289
839,142.006754,0.0027,35.104472,12,0,2.7,0.008784,0,0.011484,65,0.01028
840,319.502634,0.01845,35.156452,12,0,2.7,0.009205,0,0.027655,65,0.01029
841,123.300168,0.0027,35.192358,12,0,2.7,0.008883,0,0.011583,65,0.010281
842,336.187736,0.01845,35.244321,12,0,2.7,0.009189,0,0.027639,65,0.01029
843,145.876952,0.0027,35.280429,12,0,2.7,0.009084,0,0.011784,65,0.010281
844,147.110403,0.0027,35.316633,12,0,2.7,0.00918,0,0.01188,65,0.010272
845,189.517528,0.00585,35.35594,12,0,2.7,0.009133,0,0.014983,65,0.010267
846,199.138162,0.00585,35.394397,12,0,2.7,0.008282,0,0.014132,65,0.010262
847,335.217687,0.01845,35.446318,12,0,2.7,0.009148,0,0.027598,65,0.010271
848,194.651303,0.00585,35.485859,12,0,2.7,0.009367,0,0.015217,65,0.010266
849,203.244788,0.00585,35.525602,12,0,2.7,0.00957,0,0.01542,65,0.010261
850,342.916504,0.01845,35.577743,12,0,2.7,0.009366,0,0.027816,65,0.010271
851,126.772955,0.0027,35.613915,12,0,2.7,0.009148,0,0.011848,65,0.010262
852,138.652031,0.0027,35.6495,12,0,2.7,0.008561,0,0.011261,65,0.010253
853,190.132043,0.00585,35.68868,12,0,2.7,0.009006,0,0.014856,65,0.010248
854,339.025855,0.01845,35.740721,12,0,2.7,0.009267,0,0.027717,65,0.010257
855,126.72265,0.0027,35.776906,12,0,2.7,0.009161,0,0.011861,65,0.010249
856,337.368301,0.01845,35.828773,12,0,2.7,0.009093,0,0.027543,65,0.010258
857,344.894504,0.01845,35.880973,12,0,2.7,0.009426,0,0.027876,65,0.010268
858,326.13983,0.01845,35.932617,12,0,2.7,0.008869,0,0.027319,65,0.010277
859,205.081351,0.00585,35.971659,12,0,2.7,0.008869,0,0.014719,65,0.010272
860,136.719015,0.0027,36.007079,12,0,2.7,0.008396,0,0.011096,65,0.010263
861,139.664614,0.0027,36.042724,12,0,2.7,0.008621,0,0.011321,65,0.010254
862,199.759429,0.00585,36.082415,12,0,2.7,0.009517,0,0.015367,65,0.010249
863,138.495621,0.0027,36.117948,12,0,2.7,0.008509,0,0.011209,65,0.010241
864,135.942826,0.0027,36.153307,12,0,2.7,0.008335,0,0.011035,65,0.010232
865,215.867412,0.00585,36.192872,12,0,2.7,0.009391,0,0.015241,65,0.010227
866,138.17792,0.0027,36.228413,12,0,2.7,0.008517,0,0.011217,65,0.010218
867,321.033196,0.01845,36.280468,12,0,2.7,0.009281,0,0.027731,65,0.010228
868,328.805527,0.01845,36.332816,12,0,2.7,0.009574,0,0.028024,65,0.010237
869,201.258793,0.00585,36.372603,12,0,2.7,0.009612,0,0.015462,65,0.010232
870,180.416966,0.00585,36.411222,12,0,2.7,0.008445,0,0.014295,65,0.010227
871,349.610034,0.01845,36.463545,12,0,2.7,0.009549,0,0.027999,65,0.010236
872,124.910576,0.0027,36.49958,12,0,2.7,0.00901,0,0.01171,65,0.010228
873,150.5093,0.0027,36.536037,12,0,2.7,0.009433,0,0.012133,65,0.010219
874,115.648704,0.0027,36.57138,12,0,2.7,0.008319,0,0.011019,65,0.010211
875,314.190444,0.01845,36.622562,12,0,2.7,0.008408,0,0.026858,65,0.01022
876,320.934666,0.01845,36.673951,12,0,2.7,0.008615,0,0.027065,65,0.010229
877,333.370407,0.01845,36.72579,12,0,2.7,0.009066,0,0.027516,65,0.010239
878,136.905177,0.0027,36.761218,12,0,2.7,0.008404,0,0.011104,65,0.01023
879,320.719587,0.01845,36.812574,12,0,2.7,0.008582,0,0.027032,65,0.01024
880,119.581412,0.0027,36.848222,12,0,2.7,0.008624,0,0.011324,65,0.010231
881,312.281873,0.01845,36.900053,12,0,2.7,0.009057,0,0.027507,65,0.01024
882,115.619917,0.0027,36.935378,12,0,2.7,0.008301,0,0.011001,65,0.010232
883,216.408766,0.00585,36.975111,12,0,2.7,0.009559,0,0.015409,65,0.010227
884,213.122327,0.00585,37.014394,12,0,2.7,0.009109,0,0.014959,65,0.010222
885,188.74442,0.00585,37.05373,12,0,2.7,0.009163,0,0.015013,65,0.010217
886,208.941713,0.00585,37.092713,12,0,2.7,0.008808,0,0.014658,65,0.010212
887,129.221827,0.0027,37.129073,12,0,2.7,0.009337,0,0.012037,65,0.010204
888,142.091267,0.0027,37.164892,12,0,2.7,0.008795,0,0.011495,65,0.010195
889,153.8853,0.0027,37.201603,12,0,2.7,0.009687,0,0.012387,65,0.010187
890,342.237955,0.01845,37.253701,12,0,2.7,0.009323,0,0.027773,65,0.010196
891,183.989151,0.00585,37.292467,12,0,2.7,0.008592,0,0.014442,65,0.010191
892,153.743655,0.0027,37.329193,12,0,2.7,0.009702,0,0.012402,65,0.010183
893,323.949722,0.01845,37.380685,12,0,2.7,0.008718,0,0.027168,65,0.010192
894,190.458245,0.00585,37.420126,12,0,2.7,0.009267,0,0.015117,65,0.010187
895,214.234989,0.00585,37.459631,12,0,2.7,0.009332,0,0.015182,65,0.010182
896,202.539442,0.00585,37.498286,12,0,2.7,0.008481,0,0.014331,65,0.010177
897,310.732176,0.01845,37.549973,12,0,2.7,0.008912,0,0.027362,65,0.010187
898,129.114957,0.0027,37.586315,12,0,2.7,0.009318,0,0.012018,65,0.010178
899,329.685961,0.01845,37.638688,12,0,2.7,0.009598,0,0.028048,65,0.010187
900,314.512679,0.01845,37.689873,12,0,2.7,0.008411,0,0.026861,65,0.010197
901,340.781632,0.01845,37.741893,12,0,2.7,0.009245,0,0.027695,65,0.010206
902,220.705019,0.00585,37.781458,12,0,2.7,0.009391,0,0.015241,65,0.010201
903,151.337465,0.0027,37.817948,12,0,2.7,0.009466,0,0.012166,65,0.010193
904,331.415856,0.01845,37.870355,12,0,2.7,0.009633,0,0.028083,65,0.010202
905,119.622905,0.0027,37.906,12,0,2.7,0.008621,0,0.011321,65,0.010194
906,150.905751,0.0027,37.942474,12,0,2.7,0.009451,0,0.012151,65,0.010185
907,196.202966,0.00585,37.982059,12,0,2.7,0.009411,0,0.015261,65,0.010181
908,141.183501,0.0027,38.017801,12,0,2.7,0.008719,0,0.011419,65,0.010172
909,151.647557,0.0027,38.054335,12,0,2.7,0.00951,0,0.01221,65,0.010164
910,337.245078,0.01845,38.106291,12,0,2.7,0.009182,0,0.027632,65,0.010173
911,115.497257,0.0027,38.141628,12,0,2.7,0.008313,0,0.011013,65,0.010165
912,298.941441,0.01845,38.19305,12,0,2.7,0.008647,0,0.027097,65,0.010174
913,124.675037,0.0027,38.229073,12,0,2.7,0.008999,0,0.011699,65,0.010166
914,208.103764,0.00585,38.268313,12,0,2.7,0.009066,0,0.014916,65,0.010161
915,135.861828,0.0027,38.303666,12,0,2.7,0.008329,0,0.011029,65,0.010153
916,143.680069,0.0027,38.339596,12,0,2.7,0.008906,0,0.011606,65,0.010145
917,310.930608,0.01845,38.391349,12,0,2.7,0.008979,0,0.027429,65,0.010154
918,137.495313,0.0027,38.426847,12,0,2.7,0.008474,0,0.011174,65,0.010146
919,337.367724,0.01845,38.478774,12,0,2.7,0.009153,0,0.027603,65,0.010155
920,214.068959,0.00585,38.51824,12,0,2.7,0.009293,0,0.015143,65,0.01015
921,223.89614,0.00585,38.558114,12,0,2.7,0.0097,0,0.01555,65,0.010145
922,144.440443,0.0027,38.594123,12,0,2.7,0.008985,0,0.011685,65,0.010137
923,180.899574,0.00585,38.632622,12,0,2.7,0.008326,0,0.014176,65,0.010133
924,199.691672,0.00585,38.671121,12,0,2.7,0.008324,0,0.014174,65,0.010128
925,148.031696,0.0027,38.707391,12,0,2.7,0.009246,0,0.011946,65,0.01012
926,204.05301,0.00585,38.74617,12,0,2.7,0.008605,0,0.014455,65,0.010116
927,334.931506,0.01845,38.798067,12,0,2.7,0.009123,0,0.027573,65,0.010125
928,198.058051,0.00585,38.837825,12,0,2.7,0.009584,0,0.015434,65,0.01012
929,152.787969,0.0027,38.874448,12,0,2.7,0.0096,0,0.0123,65,0.010112
930,137.657839,0.0027,38.909944,12,0,2.7,0.008472,0,0.011172,65,0.010104
931,324.145482,0.01845,38.962055,12,0,2.7,0.009336,0,0.027786,65,0.010113
932,137.618914,0.0027,38.997538,12,0,2.7,0.00846,0,0.01116,65,0.010105
933,297.814748,0.01845,39.04894,12,0,2.7,0.008628,0,0.027078,65,0.010114
934,312.51026,0.01845,39.100039,12,0,2.7,0.008324,0,0.026774,65,0.010123
935,342.702638,0.01845,39.152151,12,0,2.7,0.009338,0,0.027788,65,0.010132
936,208.946902,0.00585,39.191407,12,0,2.7,0.009082,0,0.014932,65,0.010127
937,137.680768,0.0027,39.226884,12,0,2.7,0.008453,0,0.011153,65,0.010119
938,210.463774,0.00585,39.266027,12,0,2.7,0.008969,0,0.014819,65,0.010115
939,187.74154,0.00585,39.30501,12,0,2.7,0.008809,0,0.014659,65,0.01011
940,139.733784,0.0027,39.340676,12,0,2.7,0.008643,0,0.011343,65,0.010102
941,138.73363,0.0027,39.376247,12,0,2.7,0.008547,0,0.011247,65,0.010094
942,320.729129,0.01845,39.428355,12,0,2.7,0.009334,0,0.027784,65,0.010103
943,210.012901,0.00585,39.467397,12,0,2.7,0.008868,0,0.014718,65,0.010099
944,297.975295,0.01845,39.518714,12,0,2.7,0.008543,0,0.026993,65,0.010108
945,135.988086,0.0027,39.554074,12,0,2.7,0.008335,0,0.011035,65,0.0101
946,336.085478,0.01845,39.60604,12,0,2.7,0.009193,0,0.027643,65,0.010109
947,321.859169,0.01845,39.657459,12,0,2.7,0.008645,0,0.027095,65,0.010117
948,349.902116,0.01845,39.709787,12,0,2.7,0.009554,0,0.028004,65,0.010126
949,330.033847,0.01845,39.761445,12,0,2.7,0.008884,0,0.027334,65,0.010135
950,313.735894,0.01845,39.81258,12,0,2.7,0.008362,0,0.026812,65,0.010144
951,147.215296,0.0027,39.848796,12,0,2.7,0.009192,0,0.011892,65,0.010136
952,303.549251,0.01845,39.900347,12,0,2.7,0.008776,0,0.027226,65,0.010145
953,205.423009,0.00585,39.939348,12,0,2.7,0.008827,0,0.014677,65,0.01014
954,198.287846,0.00585,39.977813,12,0,2.7,0.008292,0,0.014142,65,0.010136
955,131.509371,0.0027,40.014342,12,0,2.7,0.009504,0,0.012204,65,0.010128
956,341.543892,0.01845,40.066356,12,0,2.7,0.00924,0,0.02769,65,0.010137
957,307.17921,0.01845,40.117897,12,0,2.7,0.008767,0,0.027217,65,0.010145
958,336.119476,0.01845,40.16984,12,0,2.7,0.00917,0,0.02762,65,0.010154
959,201.933618,0.00585,40.208582,12,0,2.7,0.008568,0,0.014418,65,0.010149
960,141.086155,0.0027,40.244339,12,0,2.7,0.008732,0,0.011432,65,0.010142
961,144.061286,0.0027,40.280315,12,0,2.7,0.008952,0,0.011652,65,0.010134
962,152.637708,0.0027,40.316926,12,0,2.7,0.009586,0,0.012286,65,0.010126
963,142.686811,0.0027,40.352794,12,0,2.7,0.008845,0,0.011545,65,0.010118
964,136.863856,0.0027,40.388225,12,0,2.7,0.008406,0,0.011106,65,0.010111
965,346.432471,0.01845,40.440407,12,0,2.7,0.009408,0,0.027858,65,0.010119
966,188.148226,0.00585,40.479638,12,0,2.7,0.009058,0,0.014908,65,0.010115
967,343.110939,0.01845,40.531763,12,0,2.7,0.00935,0,0.0278,65,0.010124
968,330.269037,0.01845,40.583489,12,0,2.7,0.008953,0,0.027403,65,0.010132
969,191.761783,0.00585,40.622764,12,0,2.7,0.009101,0,0.014951,65,0.010128
970,191.801377,0.00585,40.66211,12,0,2.7,0.009172,0,0.015022,65,0.010123
971,148.664706,0.0027,40.698442,12,0,2.7,0.009308,0,0.012008,65,0.010116
972,207.123462,0.00585,40.737586,12,0,2.7,0.008969,0,0.014819,65,0.010111
973,306.283655,0.01845,40.78918,12,0,2.7,0.00882,0,0.02727,65,0.01012
974,315.170542,0.01845,40.840354,12,0,2.7,0.0084,0,0.02685,65,0.010128
975,180.268285,0.00585,40.878854,12,0,2.7,0.008325,0,0.014175,65,0.010124
976,331.508653,0.01845,40.931229,12,0,2.7,0.009601,0,0.028051,65,0.010133
977,345.004534,0.01845,40.983392,12,0,2.7,0.009389,0,0.027839,65,0.010141
978,324.848458,0.01845,41.034893,12,0,2.7,0.008727,0,0.027177,65,0.01015
979,137.500685,0.0027,41.070378,12,0,2.7,0.008462,0,0.011162,65,0.010142
980,329.459852,0.01845,41.122112,12,0,2.7,0.00896,0,0.02741,65,0.01015
981,325.823973,0.01845,41.173681,12,0,2.7,0.008795,0,0.027245,65,0.010159
982,320.59068,0.01845,41.22503,12,0,2.7,0.008575,0,0.027025,65,0.010167
983,133.498789,0.0027,41.261703,12,0,2.7,0.009649,0,0.012349,65,0.01016
984,138.053844,0.0027,41.297221,12,0,2.7,0.008494,0,0.011194,65,0.010152
985,298.032365,0.01845,41.348482,12,0,2.7,0.008486,0,0.026936,65,0.010161
986,141.109875,0.0027,41.384221,12,0,2.7,0.008716,0,0.011416,65,0.010153
987,205.674073,0.00585,41.423314,12,0,2.7,0.008919,0,0.014769,65,0.010149
988,141.126297,0.0027,41.459061,12,0,2.7,0.008723,0,0.011423,65,0.010141
989,206.245334,0.00585,41.498063,12,0,2.7,0.008829,0,0.014679,65,0.010137
990,120.252134,0.0027,41.533743,12,0,2.7,0.008655,0,0.011355,65,0.010129
991,329.751487,0.01845,41.586115,12,0,2.7,0.009599,0,0.028049,65,0.010138
992,127.729416,0.0027,41.622359,12,0,2.7,0.00922,0,0.01192,65,0.01013
993,185.007266,0.00585,41.66126,12,0,2.7,0.008727,0,0.014577,65,0.010126
994,212.752335,0.00585,41.700525,12,0,2.7,0.009091,0,0.014941,65,0.010122
995,206.073067,0.00585,41.739731,12,0,2.7,0.009031,0,0.014881,65,0.010117
996,189.05827,0.00585,41.779082,12,0,2.7,0.009177,0,0.015027,65,0.010113
997,195.476334,0.00585,41.818822,12,0,2.7,0.009566,0,0.015416,65,0.010109
998,120.88663,0.0027,41.854552,12,0,2.7,0.008706,0,0.011406,65,0.010101
999,148.456093,0.0027,41.89084,12,0,2.7,0.009265,0,0.011965,65,0.010094
